Név,Dátum,Nyitó ár,Maximum ár,Minimum ár,Utolsó ár
BUX,2012.03.22.,18992.07,19042.42,18825.89,18940.55
BUX,2012.03.23.,18937.9,19145.7,18810.94,19145.7
BUX,2012.03.26.,19074.59,19172.71,18964.55,19101.07
BUX,2012.03.27.,19212.99,19254.77,18790.08,18790.08
BUX,2012.03.28.,18766.48,18805.57,18538.94,18653.05
BUX,2012.03.29.,18608.7,18635.21,18499.24,18617.26
BUX,2012.03.30.,18737.26,18754.47,18541.81,18635.67
BUX,2012.04.02.,18668.65,18762.53,18491.14,18578.36
BUX,2012.04.03.,18610.0,18660.43,18332.66,18345.66
BUX,2012.04.04.,18260.82,18338.29,18146.43,18176.78
BUX,2012.04.05.,18206.93,18353.69,18112.48,18203.2
BUX,2012.04.10.,18195.16,18195.16,17981.58,18035.85
BUX,2012.04.11.,18063.72,18105.4,17871.44,17874.85
BUX,2012.04.12.,18016.22,18049.68,17753.91,17827.86
BUX,2012.04.13.,17824.48,17873.71,17324.96,17337.42
BUX,2012.04.16.,17308.13,17453.68,17152.65,17375.27
BUX,2012.04.17.,17359.39,17720.67,17345.36,17594.98
BUX,2012.04.18.,17606.79,17631.63,17398.13,17551.57
BUX,2012.04.19.,17622.3,17646.72,17493.88,17553.13
BUX,2012.04.20.,17555.85,17601.63,17404.4,17511.01
BUX,2012.04.23.,17388.25,17396.75,17125.37,17125.37
BUX,2012.04.24.,17234.97,17485.8,17208.89,17485.8
BUX,2012.04.25.,17609.07,18278.22,17609.07,18223.52
BUX,2012.04.26.,18301.46,18338.38,18017.12,18184.64
BUX,2012.04.27.,18081.67,18235.03,17972.88,18235.03
BUX,2012.05.02.,18410.96,18546.1,18025.36,18025.36
BUX,2012.05.03.,18083.0,18136.09,17839.52,17871.46
BUX,2012.05.04.,17958.24,18000.31,17759.32,17840.66
BUX,2012.05.07.,17560.94,17769.72,17467.38,17769.72
BUX,2012.05.08.,17784.3,17784.3,17523.19,17523.19
BUX,2012.05.09.,17538.27,17601.65,17023.49,17223.53
BUX,2012.05.10.,17403.97,17483.35,17295.01,17361.38
BUX,2012.05.11.,17356.36,17422.82,17187.36,17319.16
BUX,2012.05.14.,17276.58,17276.58,16918.32,17009.32
BUX,2012.05.15.,17150.97,17186.95,16810.57,16877.46
BUX,2012.05.16.,16698.44,16729.61,16451.95,16538.14
BUX,2012.05.17.,16594.55,16714.8,16280.38,16280.38
BUX,2012.05.18.,16202.61,16573.47,16089.7,16479.22
BUX,2012.05.21.,16555.57,16650.79,16432.93,16599.64
BUX,2012.05.22.,16734.26,16901.65,16688.54,16747.55
BUX,2012.05.23.,16566.39,16567.68,16156.54,16230.31
BUX,2012.05.24.,16334.37,16502.62,16159.91,16327.49
BUX,2012.05.25.,16328.43,16615.67,16319.8,16413.44
BUX,2012.05.29.,16479.73,16614.98,16330.75,16492.86
BUX,2012.05.30.,16436.32,16436.32,15978.64,15978.64
BUX,2012.05.31.,16137.58,16392.93,16000.78,16099.82
BUX,2012.06.01.,16381.48,16428.21,16026.05,16383.93
BUX,2012.06.04.,16225.87,16538.41,16104.16,16494.83
BUX,2012.06.05.,16558.44,16592.03,16298.78,16398.39
BUX,2012.06.06.,16512.96,16952.56,16507.61,16941.35
BUX,2012.06.07.,17032.09,17266.96,16895.98,16990.1
BUX,2012.06.08.,16886.21,17019.75,16780.99,17019.75
BUX,2012.06.11.,17224.63,17250.84,16794.83,16794.83
BUX,2012.06.12.,16877.07,17017.89,16826.28,16889.03
BUX,2012.06.13.,17057.87,17159.34,16931.97,16962.98
BUX,2012.06.14.,17048.39,17088.02,16796.97,16852.05
BUX,2012.06.15.,16927.66,17311.13,16877.06,17256.16
BUX,2012.06.18.,17387.39,17590.53,17298.33,17551.95
BUX,2012.06.19.,17532.37,17805.75,17496.96,17805.75
BUX,2012.06.20.,17832.94,17832.94,17671.19,17791.23
BUX,2012.06.21.,17681.86,17820.54,17493.18,17493.18
BUX,2012.06.22.,17401.15,17487.9,17140.45,17232.59
BUX,2012.06.25.,17151.53,17151.53,16778.53,16806.16
BUX,2012.06.26.,16857.81,17042.49,16823.32,16901.31
BUX,2012.06.27.,16954.05,17040.2,16812.03,16990.96
BUX,2012.06.28.,17047.67,17110.51,16783.26,16783.26
BUX,2012.06.29.,17175.77,17341.07,17055.7,17341.07
BUX,2012.07.02.,17323.79,17439.33,17196.4,17277.24
BUX,2012.07.03.,17289.84,17544.78,17289.84,17461.35
BUX,2012.07.04.,17455.19,17550.35,17355.95,17394.21
BUX,2012.07.05.,17401.09,17448.48,17305.31,17311.96
BUX,2012.07.06.,17302.55,17386.04,17096.31,17096.31
BUX,2012.07.09.,17049.94,17121.19,16987.17,17121.19
BUX,2012.07.10.,17110.79,17247.72,17059.96,17182.22
BUX,2012.07.11.,17153.02,17309.11,17089.77,17309.11
BUX,2012.07.12.,17214.39,17300.03,16938.56,16979.17
BUX,2012.07.13.,17081.03,17136.41,16963.32,17021.96
BUX,2012.07.16.,17058.75,17220.52,17027.69,17220.52
BUX,2012.07.17.,17268.32,17338.67,17217.43,17275.91
BUX,2012.07.18.,17315.08,17372.49,17157.91,17332.33
BUX,2012.07.19.,17397.67,17552.14,17304.57,17309.45
BUX,2012.07.20.,17302.88,17403.8,17215.29,17353.93
BUX,2012.07.23.,17172.63,17180.08,16888.22,16956.07
BUX,2012.07.24.,17002.02,17152.33,16965.65,17084.51
BUX,2012.07.25.,17029.28,17241.98,17003.93,17087.56
BUX,2012.07.26.,17210.53,17435.59,17149.04,17286.99
BUX,2012.07.27.,17395.87,17688.47,17216.07,17688.47
BUX,2012.07.30.,17657.92,17696.12,17520.08,17651.48
BUX,2012.07.31.,17585.61,17595.32,17374.16,17408.02
BUX,2012.08.01.,17359.23,17542.09,17328.64,17535.2
BUX,2012.08.02.,17516.95,17556.95,17275.74,17302.46
BUX,2012.08.03.,17311.8,17646.2,17311.8,17646.2
BUX,2012.08.06.,17625.79,18007.0,17520.64,18007.0
BUX,2012.08.07.,17961.63,18036.16,17770.54,17770.54
BUX,2012.08.08.,17796.29,17906.08,17736.8,17906.08
BUX,2012.08.09.,17962.39,18023.32,17794.22,17889.44
BUX,2012.08.10.,17796.88,17839.54,17679.86,17839.54
BUX,2012.08.13.,17780.43,17930.52,17768.44,17790.99
BUX,2012.08.14.,17738.37,17748.61,17520.57,17631.34
BUX,2012.08.15.,17583.14,17904.88,17523.58,17904.88
BUX,2012.08.16.,17835.26,17914.35,17758.01,17886.55
BUX,2012.08.17.,17940.93,18038.36,17711.08,17711.08
BUX,2012.08.21.,17795.56,17840.71,17650.03,17650.03
BUX,2012.08.22.,17620.08,17620.08,17448.43,17543.47
BUX,2012.08.23.,17569.78,17635.81,17347.18,17485.08
BUX,2012.08.24.,17437.36,17457.42,17384.57,17387.11
BUX,2012.08.27.,17387.29,17502.06,17339.09,17502.06
BUX,2012.08.28.,17394.82,17604.78,17385.16,17385.16
BUX,2012.08.29.,17442.26,17501.46,17303.17,17344.84
BUX,2012.08.30.,17308.33,17373.51,17213.89,17319.04
BUX,2012.08.31.,17273.99,17513.82,17273.99,17513.82
BUX,2012.09.03.,17484.79,17713.0,17484.79,17592.14
BUX,2012.09.04.,17644.73,17756.87,17609.16,17756.87
BUX,2012.09.05.,17710.57,17909.24,17665.19,17839.19
BUX,2012.09.06.,17848.45,18065.1,17641.98,17949.2
BUX,2012.09.07.,18014.53,18335.91,17996.54,18235.82
BUX,2012.09.10.,18225.65,18352.04,18160.34,18334.49
BUX,2012.09.11.,18302.18,18604.96,18242.96,18604.96
BUX,2012.09.12.,18631.47,18706.74,18544.74,18634.63
BUX,2012.09.13.,18601.84,18601.84,18344.4,18382.26
BUX,2012.09.14.,18876.27,19164.05,18789.28,19112.34
BUX,2012.09.17.,18935.64,19054.4,18829.82,18952.27
BUX,2012.09.18.,18910.8,18910.8,18643.37,18875.09
BUX,2012.09.19.,18926.74,19057.87,18740.68,18740.68
BUX,2012.09.20.,18653.14,18735.81,18525.47,18684.1
BUX,2012.09.21.,18774.94,18810.89,18633.59,18637.15
BUX,2012.09.24.,18600.6,18725.85,18585.26,18701.17
BUX,2012.09.25.,18737.82,18768.97,18535.91,18671.93
BUX,2012.09.26.,18549.46,18557.71,18328.35,18418.94
BUX,2012.09.27.,18491.43,18723.2,18468.66,18687.43
BUX,2012.09.28.,18734.76,18774.21,18447.67,18588.65
BUX,2012.10.01.,18550.28,18785.81,18538.3,18785.81
BUX,2012.10.02.,18701.94,18835.25,18662.76,18742.9
BUX,2012.10.03.,18757.57,18992.38,18718.65,18927.65
BUX,2012.10.04.,19003.75,19080.63,18914.96,19059.6
BUX,2012.10.05.,19066.32,19209.68,19000.88,19124.46
BUX,2012.10.08.,19032.12,19033.46,18912.97,18966.25
BUX,2012.10.09.,18982.04,19085.93,18865.1,18865.1
BUX,2012.10.10.,18830.35,18986.7,18777.45,18948.74
BUX,2012.10.11.,18932.24,19281.95,18887.25,19149.07
BUX,2012.10.12.,19172.04,19240.88,19039.2,19134.16
BUX,2012.10.15.,19106.27,19223.59,18987.54,19194.94
BUX,2012.10.16.,19316.0,19409.85,19218.91,19409.85
BUX,2012.10.17.,19426.81,19511.39,18714.0,19272.64
BUX,2012.10.18.,19232.92,19232.92,18875.75,18950.86
BUX,2012.10.19.,18790.09,19099.61,18746.19,19029.21
BUX,2012.10.24.,18739.67,18865.98,18666.16,18813.58
BUX,2012.10.25.,18851.73,19050.85,18787.28,18992.96
BUX,2012.10.26.,18888.26,18951.45,18795.07,18885.87
BUX,2012.10.29.,18781.84,19109.79,18699.49,19109.79
BUX,2012.10.30.,19098.97,19192.76,19039.28,19192.76
BUX,2012.10.31.,19202.66,19238.33,19116.01,19220.49
BUX,2012.11.05.,19153.71,19265.28,19040.92,19217.03
BUX,2012.11.06.,19238.65,19350.37,19141.38,19196.13
BUX,2012.11.07.,19243.27,19307.87,18898.34,18898.34
BUX,2012.11.08.,18961.53,19079.05,18893.59,19073.25
BUX,2012.11.09.,19000.28,19116.64,18923.77,19049.57
BUX,2012.11.12.,19078.31,19110.16,18891.41,18992.62
BUX,2012.11.13.,18913.2,18974.34,18820.77,18974.34
BUX,2012.11.14.,19010.6,19122.79,18949.2,19078.73
BUX,2012.11.15.,18892.88,18962.5,18738.14,18738.14
BUX,2012.11.16.,18780.07,18789.08,18348.35,18416.36
BUX,2012.11.19.,18181.23,18434.76,17974.6,18339.35
BUX,2012.11.20.,18310.92,18433.45,18057.86,18057.86
BUX,2012.11.21.,18055.72,18175.53,17963.78,18025.4
BUX,2012.11.22.,18077.09,18106.3,17747.81,17747.81
BUX,2012.11.23.,17793.18,17869.58,17592.91,17869.58
BUX,2012.11.26.,17872.79,17954.23,17767.35,17835.61
BUX,2012.11.27.,17920.98,17971.52,17618.15,17663.97
BUX,2012.11.28.,17599.81,17712.24,17462.17,17634.96
BUX,2012.11.29.,17742.56,17977.1,17667.88,17845.24
BUX,2012.11.30.,17922.89,18265.23,17895.28,18265.23
BUX,2012.12.03.,18216.08,18310.92,18115.42,18210.95
BUX,2012.12.04.,18190.63,18224.44,18109.58,18132.88
BUX,2012.12.05.,18301.37,18301.37,17945.98,18055.4
BUX,2012.12.06.,18027.24,18038.06,17700.57,17792.09
BUX,2012.12.07.,17850.94,17850.94,17659.88,17785.06
BUX,2012.12.10.,17746.24,17814.17,17596.18,17744.29
BUX,2012.12.11.,17722.75,17831.73,17676.87,17831.73
BUX,2012.12.12.,17860.81,17897.59,17749.57,17805.54
BUX,2012.12.13.,17739.53,17841.28,17710.77,17818.02
BUX,2012.12.14.,17801.04,17848.59,17730.44,17848.59
BUX,2012.12.17.,17835.14,17846.5,17570.48,17615.68
BUX,2012.12.18.,17689.38,17799.74,17613.01,17799.74
BUX,2012.12.19.,17804.22,17913.48,17719.64,17807.41
BUX,2012.12.20.,17753.33,17868.31,17697.59,17862.1
BUX,2012.12.21.,17730.71,17948.31,17717.34,17948.31
BUX,2012.12.27.,17847.11,18143.36,17796.36,18069.89
BUX,2012.12.28.,18160.58,18203.38,17995.56,18173.2
BUX,2013.01.02.,18255.36,18487.51,18255.36,18487.51
BUX,2013.01.03.,18464.82,18626.78,18367.44,18626.78
BUX,2013.01.04.,18554.7,18676.52,18532.38,18660.29
BUX,2013.01.07.,18646.07,18861.65,18576.93,18774.87
BUX,2013.01.08.,18702.82,18821.32,18592.05,18650.14
BUX,2013.01.09.,18694.02,18878.02,18694.02,18838.89
BUX,2013.01.10.,18879.51,19006.65,18814.24,18871.93
BUX,2013.01.11.,18921.55,18999.53,18840.82,18999.53
BUX,2013.01.14.,19031.29,19209.22,19023.65,19140.05
BUX,2013.01.15.,19122.83,19150.58,18871.65,19012.51
BUX,2013.01.16.,18987.96,19186.94,18924.95,19186.94
BUX,2013.01.17.,19232.19,19656.77,19193.92,19508.91
BUX,2013.01.18.,19589.93,19634.29,19400.75,19585.15
BUX,2013.01.21.,19616.31,19664.12,19434.24,19664.12
BUX,2013.01.22.,19593.14,19602.44,19162.38,19211.19
BUX,2013.01.23.,19209.39,19354.48,19168.52,19168.52
BUX,2013.01.24.,19172.96,19240.67,19098.48,19184.75
BUX,2013.01.25.,19176.19,19314.9,19112.41,19297.08
BUX,2013.01.28.,19291.75,19445.53,19231.29,19445.53
BUX,2013.01.29.,19429.39,19519.45,19325.94,19506.04
BUX,2013.01.30.,19555.85,19661.87,19387.33,19394.57
BUX,2013.01.31.,19382.82,19456.97,19269.67,19368.02
BUX,2013.02.01.,19356.13,19456.94,19313.19,19358.16
BUX,2013.02.04.,19392.28,19431.69,19090.21,19090.21
BUX,2013.02.05.,19122.74,19264.86,19076.6,19264.86
BUX,2013.02.06.,19294.36,19362.41,19137.94,19238.25
BUX,2013.02.07.,19204.7,19294.46,19103.81,19103.81
BUX,2013.02.08.,18999.67,19116.35,18898.82,19023.39
BUX,2013.02.11.,19071.61,19197.47,18848.16,19067.18
BUX,2013.02.12.,18988.71,19121.99,18947.48,19101.09
BUX,2013.02.13.,19184.06,19305.31,19178.72,19237.08
BUX,2013.02.14.,19233.88,19233.88,18748.56,18869.76
BUX,2013.02.15.,18850.65,18947.3,18764.19,18822.96
BUX,2013.02.18.,18835.14,19076.83,18835.14,19076.83
BUX,2013.02.19.,19125.52,19236.02,19082.12,19236.02
BUX,2013.02.20.,19254.05,19277.88,19072.61,19095.16
BUX,2013.02.21.,18941.67,18986.21,18710.68,18749.84
BUX,2013.02.22.,18808.15,18929.03,18791.18,18866.7
BUX,2013.02.25.,18915.49,18995.03,18820.96,18820.96
BUX,2013.02.26.,18595.57,18595.57,18371.1,18474.2
BUX,2013.02.27.,18555.59,18600.49,18442.22,18509.4
BUX,2013.02.28.,18743.51,18834.52,18675.77,18804.96
BUX,2013.03.01.,18773.93,18900.22,18670.9,18846.94
BUX,2013.03.04.,18760.8,18812.73,18620.06,18620.06
BUX,2013.03.05.,18668.97,18876.15,18651.63,18836.16
BUX,2013.03.06.,19037.12,19161.07,18923.82,18923.82
BUX,2013.03.07.,18963.45,19165.98,18942.39,19073.56
BUX,2013.03.08.,19190.81,19282.81,19040.07,19114.73
BUX,2013.03.11.,19059.82,19114.03,18749.94,18879.34
BUX,2013.03.12.,18861.56,18919.98,18600.84,18680.93
BUX,2013.03.13.,18584.65,18603.66,18345.89,18471.81
BUX,2013.03.14.,18556.57,18664.48,18354.98,18354.98
BUX,2013.03.18.,18189.65,18404.7,18038.86,18152.07
BUX,2013.03.19.,18243.56,18266.39,18005.67,18005.67
BUX,2013.03.20.,18075.49,18400.1,18075.49,18311.05
BUX,2013.03.21.,18404.96,18425.89,18240.23,18249.83
BUX,2013.03.22.,18156.93,18198.33,17900.27,17999.08
BUX,2013.03.25.,18154.67,18344.27,17892.22,17892.65
BUX,2013.03.26.,18078.05,18160.0,17951.37,18030.59
BUX,2013.03.27.,18025.77,18120.48,17843.46,17908.99
BUX,2013.03.28.,17909.4,17929.28,17693.75,17857.42
BUX,2013.04.02.,17982.16,18097.79,17853.31,18097.79
BUX,2013.04.03.,18138.65,18141.19,17744.88,17930.84
BUX,2013.04.04.,17963.32,18171.82,17824.62,18073.06
BUX,2013.04.05.,18113.23,18136.13,17892.34,18056.23
BUX,2013.04.08.,18071.21,18176.93,18032.66,18048.51
BUX,2013.04.09.,18091.87,18285.94,18034.32,18285.94
BUX,2013.04.10.,18301.71,18405.91,18267.75,18267.75
BUX,2013.04.11.,18277.96,18411.96,18268.99,18411.96
BUX,2013.04.12.,18336.7,18408.65,18175.92,18219.96
BUX,2013.04.15.,18191.27,18203.59,17846.75,17909.12
BUX,2013.04.16.,17968.3,18068.46,17920.27,18059.6
BUX,2013.04.17.,18122.19,18170.81,17973.95,18062.89
BUX,2013.04.18.,18064.73,18130.51,17930.36,17969.97
BUX,2013.04.19.,17996.21,18128.36,17930.32,18128.36
BUX,2013.04.22.,18190.32,18194.67,17872.89,17872.89
BUX,2013.04.23.,17883.5,17946.86,17762.11,17815.69
BUX,2013.04.24.,17880.26,18011.59,17845.49,17880.56
BUX,2013.04.25.,17860.71,17962.24,17815.19,17907.59
BUX,2013.04.26.,17955.27,17971.34,17814.33,17860.85
BUX,2013.04.29.,17936.29,17968.68,17851.86,17924.08
BUX,2013.04.30.,17951.54,18286.07,17951.54,18286.07
BUX,2013.05.02.,18230.91,18363.68,18153.27,18241.61
BUX,2013.05.03.,18257.07,18387.66,18254.85,18318.68
BUX,2013.05.06.,18332.49,18408.89,18274.86,18378.3
BUX,2013.05.07.,18358.98,18556.96,18348.76,18499.1
BUX,2013.05.08.,18562.17,18576.0,18458.42,18458.42
BUX,2013.05.09.,18522.63,18585.18,18366.13,18523.59
BUX,2013.05.10.,18471.47,18529.06,18285.11,18503.07
BUX,2013.05.13.,18531.25,18691.3,18460.46,18680.1
BUX,2013.05.14.,18636.73,18716.41,18495.1,18704.01
BUX,2013.05.15.,18739.94,18810.98,18549.77,18612.93
BUX,2013.05.16.,18651.77,18782.95,18581.67,18773.44
BUX,2013.05.17.,18718.25,18829.47,18702.01,18779.57
BUX,2013.05.21.,18855.9,18855.9,18660.13,18756.4
BUX,2013.05.22.,18765.55,19170.11,18746.44,19076.4
BUX,2013.05.23.,18791.13,19137.21,18772.69,18987.22
BUX,2013.05.24.,19058.66,19250.55,19058.66,19183.32
BUX,2013.05.27.,19245.59,19307.49,19224.35,19271.64
BUX,2013.05.28.,19360.03,19624.01,19359.67,19481.47
BUX,2013.05.29.,19519.16,19519.16,19318.32,19393.47
BUX,2013.05.30.,19367.81,19410.21,19266.13,19346.05
BUX,2013.05.31.,19352.58,19352.58,19117.77,19262.77
BUX,2013.06.03.,19227.86,19265.1,19056.52,19056.52
BUX,2013.06.04.,19147.26,19210.61,19031.62,19130.96
BUX,2013.06.05.,19130.97,19259.03,19055.64,19138.82
BUX,2013.06.06.,19119.46,19234.22,19069.66,19203.7
BUX,2013.06.07.,19265.17,19706.75,19242.26,19632.63
BUX,2013.06.10.,19731.76,19880.6,19669.74,19743.65
BUX,2013.06.11.,19789.07,19789.07,19532.02,19589.55
BUX,2013.06.12.,19603.18,19656.43,19477.98,19542.72
BUX,2013.06.13.,19417.39,19529.25,19347.33,19414.07
BUX,2013.06.14.,19526.55,19689.47,19498.23,19535.21
BUX,2013.06.17.,19555.09,19636.75,19255.73,19276.74
BUX,2013.06.18.,19321.2,19321.2,19144.61,19189.9
BUX,2013.06.19.,19244.58,19279.24,19026.68,19026.68
BUX,2013.06.20.,18853.69,19003.02,18711.35,18739.4
BUX,2013.06.21.,18776.08,18883.0,18336.03,18336.03
BUX,2013.06.24.,18299.38,18522.55,18282.33,18303.52
BUX,2013.06.25.,18478.03,18492.46,18303.93,18303.93
BUX,2013.06.26.,18372.3,18565.65,18332.45,18565.65
BUX,2013.06.27.,18610.18,18654.94,18505.64,18633.55
BUX,2013.06.28.,18685.93,19023.96,18685.93,19023.96
BUX,2013.07.01.,18847.55,19015.53,18823.82,18909.52
BUX,2013.07.02.,18915.23,18950.39,18616.11,18616.11
BUX,2013.07.03.,18597.96,18597.96,18427.78,18484.74
BUX,2013.07.04.,18558.69,18907.8,18558.69,18855.33
BUX,2013.07.05.,18953.97,19051.12,18893.81,18893.81
BUX,2013.07.08.,19005.91,19177.82,18916.26,19156.94
BUX,2013.07.09.,19199.47,19423.46,19193.81,19423.46
BUX,2013.07.10.,19425.55,19547.52,19350.12,19547.52
BUX,2013.07.11.,19659.41,19737.33,19199.31,19199.31
BUX,2013.07.12.,19299.27,19531.8,19268.31,19531.8
BUX,2013.07.15.,19584.75,19716.7,19548.15,19716.7
BUX,2013.07.16.,19713.05,19739.21,19568.34,19717.4
BUX,2013.07.17.,19668.06,19668.06,19341.19,19420.5
BUX,2013.07.18.,19326.58,19326.58,18906.07,18969.33
BUX,2013.07.19.,18956.78,18956.78,17874.69,18247.17
BUX,2013.07.22.,18090.31,18341.77,17904.39,18244.42
BUX,2013.07.23.,18145.59,18325.4,18098.39,18325.4
BUX,2013.07.24.,18273.68,18576.05,18174.44,18520.55
BUX,2013.07.25.,18618.61,18719.27,18521.85,18633.17
BUX,2013.07.26.,18646.2,18747.2,18364.98,18467.76
BUX,2013.07.29.,18420.88,18459.57,18045.22,18162.97
BUX,2013.07.30.,18175.39,18294.51,17916.67,18270.94
BUX,2013.07.31.,18196.16,18552.34,18131.38,18552.34
BUX,2013.08.01.,18611.18,18611.18,18344.65,18380.88
BUX,2013.08.02.,18429.5,18471.67,18267.4,18443.38
BUX,2013.08.05.,18471.69,18482.43,18315.52,18432.12
BUX,2013.08.06.,18370.36,18399.35,18129.77,18225.61
BUX,2013.08.07.,18202.54,18374.44,18080.52,18292.97
BUX,2013.08.08.,18343.06,18798.7,18341.12,18798.7
BUX,2013.08.09.,18821.94,18897.62,18701.21,18706.78
BUX,2013.08.12.,18707.18,18770.71,18575.24,18705.38
BUX,2013.08.13.,18722.72,18881.77,18578.14,18655.33
BUX,2013.08.14.,18660.63,18662.79,18514.68,18632.31
BUX,2013.08.15.,18636.08,18636.08,18319.71,18322.71
BUX,2013.08.16.,18285.34,18491.87,18274.84,18411.25
BUX,2013.08.21.,18340.82,18351.99,18014.76,18101.52
BUX,2013.08.22.,18045.07,18188.53,17967.16,18156.52
BUX,2013.08.23.,18153.19,18197.14,18084.82,18146.21
BUX,2013.08.26.,18161.03,18296.25,18130.06,18243.97
BUX,2013.08.27.,18191.55,18207.07,17828.96,17884.19
BUX,2013.08.28.,17801.62,18254.9,17739.79,18181.64
BUX,2013.08.29.,18138.54,18210.14,18003.38,18046.71
BUX,2013.08.30.,18060.57,18275.2,18017.17,18198.84
BUX,2013.09.02.,18266.83,18416.32,18192.89,18192.89
BUX,2013.09.03.,18254.14,18293.85,18157.72,18271.61
BUX,2013.09.04.,18212.13,18296.48,18133.95,18156.25
BUX,2013.09.05.,18173.9,18237.42,17994.4,18147.23
BUX,2013.09.06.,18120.76,18127.83,17913.64,18015.16
BUX,2013.09.09.,18017.96,18066.56,17847.58,17922.55
BUX,2013.09.10.,18060.01,18149.4,18005.12,18092.9
BUX,2013.09.11.,18128.3,18387.99,18024.88,18387.99
BUX,2013.09.12.,18245.34,18322.79,18136.25,18290.57
BUX,2013.09.13.,18277.05,18423.68,18210.58,18423.68
BUX,2013.09.16.,18486.89,18627.37,18467.75,18627.37
BUX,2013.09.17.,18599.78,18660.79,18541.99,18629.09
BUX,2013.09.18.,18638.06,18662.59,18412.46,18454.66
BUX,2013.09.19.,18733.61,18759.37,18357.2,18468.92
BUX,2013.09.20.,18398.2,18433.39,18133.8,18245.91
BUX,2013.09.23.,18202.58,18286.31,18142.0,18196.08
BUX,2013.09.24.,18271.04,18389.32,18211.96,18389.32
BUX,2013.09.25.,18602.59,18750.75,18601.52,18687.49
BUX,2013.09.26.,18695.51,18763.02,18643.81,18729.87
BUX,2013.09.27.,18753.8,18807.07,18625.39,18659.73
BUX,2013.09.30.,18611.02,18670.96,18565.09,18663.34
BUX,2013.10.01.,18643.84,18811.61,18610.96,18811.61
BUX,2013.10.02.,18768.57,18772.17,18591.73,18645.35
BUX,2013.10.03.,18635.56,18682.03,18446.91,18575.8
BUX,2013.10.04.,18572.8,18572.8,18299.77,18535.36
BUX,2013.10.07.,18470.58,18488.4,18345.44,18439.3
BUX,2013.10.08.,18374.11,18523.15,18354.7,18501.98
BUX,2013.10.09.,18497.08,18497.94,18345.18,18403.21
BUX,2013.10.10.,18445.82,18679.38,18440.17,18679.38
BUX,2013.10.11.,18762.71,18762.71,18600.69,18638.17
BUX,2013.10.14.,18580.4,18596.05,18479.76,18550.87
BUX,2013.10.15.,18583.34,18757.48,18583.34,18713.54
BUX,2013.10.16.,18680.68,18680.68,18279.83,18420.61
BUX,2013.10.17.,18487.98,18552.12,18377.68,18456.14
BUX,2013.10.18.,18499.36,18567.87,18482.25,18547.65
BUX,2013.10.21.,18557.42,18786.57,18524.77,18786.57
BUX,2013.10.22.,18730.52,18781.87,18643.78,18658.1
BUX,2013.10.24.,18607.26,18756.72,18607.26,18756.72
BUX,2013.10.25.,18706.45,18906.69,18706.45,18849.45
BUX,2013.10.28.,18893.87,18948.39,18711.84,18717.05
BUX,2013.10.29.,18765.54,18785.98,18687.01,18780.68
BUX,2013.10.30.,18803.11,18913.64,18748.91,18823.24
BUX,2013.10.31.,18829.42,18829.42,18641.2,18827.03
BUX,2013.11.04.,18915.24,19236.54,18753.17,19148.65
BUX,2013.11.05.,19198.16,19386.47,19119.45,19181.33
BUX,2013.11.06.,19242.59,19305.0,19105.36,19217.65
BUX,2013.11.07.,19202.96,19221.3,18847.1,18897.17
BUX,2013.11.08.,18774.62,18948.26,18717.82,18948.26
BUX,2013.11.11.,18908.42,18916.61,18657.3,18749.1
BUX,2013.11.12.,18790.82,18953.29,18720.82,18727.94
BUX,2013.11.13.,18744.67,18772.36,18448.55,18448.55
BUX,2013.11.14.,18636.3,18930.18,18636.3,18821.21
BUX,2013.11.15.,18977.12,18994.13,18821.33,18882.95
BUX,2013.11.18.,18895.39,18934.75,18773.98,18855.2
BUX,2013.11.19.,18815.89,18815.89,18632.24,18680.74
BUX,2013.11.20.,18662.18,18662.18,18406.89,18491.99
BUX,2013.11.21.,18386.13,18594.05,18327.24,18594.05
BUX,2013.11.22.,18558.01,18618.66,18519.84,18565.69
BUX,2013.11.25.,18556.72,18655.18,18525.32,18602.17
BUX,2013.11.26.,18592.5,18625.25,18342.1,18342.1
BUX,2013.11.27.,18517.76,18630.72,18429.54,18508.07
BUX,2013.11.28.,18585.96,18632.31,18419.93,18546.47
BUX,2013.11.29.,18557.04,18809.76,18520.23,18809.76
BUX,2013.12.02.,18788.92,18929.48,18743.74,18790.7
BUX,2013.12.03.,18869.58,18940.77,18632.25,18632.25
BUX,2013.12.04.,18670.06,18782.18,18592.82,18699.08
BUX,2013.12.05.,18616.15,18742.06,18529.34,18529.34
BUX,2013.12.06.,18535.052243,18651.213936,18463.34247,18464.46
BUX,2013.12.09.,18464.413824,18570.100341,18239.220543,18244.96
BUX,2013.12.10.,18233.959082,18371.897376,18198.826791,18236.504038
BUX,2013.12.11.,18220.17736,18433.593029,18154.671315,18433.593029
BUX,2013.12.12.,18402.896328,18406.587595,18255.44035,18281.349949
BUX,2013.12.13.,18320.072797,18524.510667,18314.331188,18424.715249
BUX,2013.12.16.,18436.269809,18881.821912,18436.269809,18781.0068300683
BUX,2013.12.17.,18821.391918,18858.736321,18571.307548,18617.51628951629
BUX,2013.12.18.,18626.983115,18694.808064,18524.244675,18611.553269
BUX,2013.12.19.,18667.304728,18708.790874,18498.523332,18630.574854
BUX,2013.12.20.,18630.432167,18630.432167,18365.638011,18459.330544
BUX,2013.12.23.,18457.212135,18553.068441,18334.0867,18334.0867
BUX,2013.12.30.,18314.733138,18603.384329,18314.733138,18564.083063
BUX,2014.01.02.,18592.936374,18665.840716,18528.398802,18552.4022
BUX,2014.01.03.,18552.4022,18636.624576,18434.954732,18626.194822
BUX,2014.01.06.,18580.517199,18656.79173,18509.63061,18572.7653
BUX,2014.01.07.,18571.930695,18704.817102,18571.930695,18618.655418
BUX,2014.01.08.,18606.337597,18756.09878,18576.696166,18681.495103
BUX,2014.01.09.,18684.852528,18986.298816,18678.572515,18986.298816
BUX,2014.01.10.,18955.818784,19101.716144,18905.189226,19101.716144
BUX,2014.01.13.,19084.006582,19425.898443,19049.114817,19420.156835
BUX,2014.01.14.,19357.704926,19466.915069,19161.742487,19430.286532
BUX,2014.01.15.,19430.525976,19568.467962,19309.001273,19423.016149
BUX,2014.01.16.,19381.281748,19526.290127,19332.861038,19459.576765
BUX,2014.01.17.,19469.400986,19556.000636,19228.27028,19255.652014
BUX,2014.01.20.,19254.4892,19262.537806,19097.833905,19262.537806
BUX,2014.01.21.,19225.490063,19487.769663,19196.800451,19453.02019
BUX,2014.01.22.,19476.093311,19596.653923,19377.856197,19596.457553
BUX,2014.01.23.,19587.051931,19702.841418,19516.120868,19544.60576
BUX,2014.01.24.,19562.709421,19625.758079,19075.389821,19075.389821
BUX,2014.01.27.,19073.329548,19073.906875,18734.620036,18799.727182
BUX,2014.01.28.,18861.17236,18955.556484,18660.946745,18707.399965
BUX,2014.01.29.,18768.845144,19043.42138,18454.662756,18546.799324
BUX,2014.01.30.,18546.799324,18732.666272,18513.915847,18616.676663
BUX,2014.01.31.,18609.199962,18958.235071,18533.723593,18958.235071
BUX,2014.02.03.,18941.352749,18954.143061,18536.416329,18552.468024
BUX,2014.02.04.,18512.79918,18605.88904,18418.517313,18510.641784
BUX,2014.02.05.,18538.493569,18610.934463,18339.32456,18339.32456
BUX,2014.02.06.,18358.649558,18391.809343,18053.679257,18087.58801
BUX,2014.02.07.,18104.299081,18242.859416,18017.243011,18106.069008
BUX,2014.02.10.,18131.478118,18196.018904,18055.774294,18115.275916
BUX,2014.02.11.,18121.017525,18297.438797,18083.806984,18297.438797
BUX,2014.02.12.,18312.92853,18382.699087,18020.903747,18062.201232
BUX,2014.02.13.,18094.230785,18094.230785,17911.834708,18028.424373
BUX,2014.02.14.,18040.733534,18279.255768,18009.667046,18249.391404
BUX,2014.02.17.,18278.236054,18333.936584,18220.747771,18299.742831
BUX,2014.02.18.,18311.726811,18408.090178,18256.285091,18327.426895
BUX,2014.02.19.,18285.983059,18367.846157,18172.051229,18272.574052
BUX,2014.02.20.,18274.480396,18274.480396,17989.385321,18096.525278
BUX,2014.02.21.,18114.128175,18196.984416,18018.881778,18110.982466
BUX,2014.02.24.,18057.721572,18272.517945,18057.721572,18221.938288
BUX,2014.02.25.,18223.664719,18278.83514,17739.668208,17753.692813
BUX,2014.02.26.,17747.212951,17812.601097,17563.995155,17794.882272
BUX,2014.02.27.,17789.140664,17807.798011,17256.971865,17376.416782
BUX,2014.02.28.,17408.621064,17744.920025,17408.621064,17744.920025
BUX,2014.03.03.,17740.614287,17740.614287,16852.813144,17115.163769
BUX,2014.03.04.,17132.388594,17753.988457,17132.388594,17753.988457
BUX,2014.03.05.,17667.386031,17710.016371,17471.836133,17471.836133
BUX,2014.03.06.,17461.187521,17661.366417,17270.40942,17394.254901
BUX,2014.03.07.,17388.847134,17430.105226,17128.496861,17130.561853
BUX,2014.03.10.,17082.479967,17149.50668,16796.884793,16796.884793
BUX,2014.03.11.,16802.626401,16932.431942,16511.276796,16617.654609
BUX,2014.03.12.,16614.438323,16672.14609,16228.951817,16343.128476
BUX,2014.03.13.,16341.793108,16534.566642,16085.077934,16140.532899
BUX,2014.03.14.,16123.308074,16182.328495,15981.965725,16157.589925
BUX,2014.03.17.,16169.240063,16846.535574,16169.240063,16791.197996
BUX,2014.03.18.,16794.614069,17167.590384,16729.998445,16961.880311
BUX,2014.03.19.,16963.109761,17109.847242,16876.736172,17052.5116
BUX,2014.03.20.,17007.958385,17119.422353,16854.847743,16954.644966
BUX,2014.03.21.,16954.144203,17275.114419,16759.991537,16759.991537
BUX,2014.03.24.,16723.737588,16957.020896,16676.546574,16825.501984
BUX,2014.03.25.,16798.728685,17002.97916,16798.728685,16827.736383
BUX,2014.03.26.,16876.852513,17074.124071,16863.291042,16963.308825
BUX,2014.03.27.,16970.6508,17171.076786,16863.766969,16996.657519
BUX,2014.03.28.,17024.363949,17505.796091,17007.486992,17390.312561
BUX,2014.03.31.,17432.359948,17602.457424,17305.900984,17529.994573
BUX,2014.04.01.,17513.048542,17644.380181,17427.323394,17643.292982
BUX,2014.04.02.,17654.507927,18021.108891,17607.458685,18021.108891
BUX,2014.04.03.,18021.372943,18203.301211,18021.372943,18167.904396
BUX,2014.04.04.,18160.921979,18195.34107,17858.918795,17990.040155
BUX,2014.04.07.,17942.561538,18109.581792,17778.39713,18109.581792
BUX,2014.04.08.,18102.330285,18149.541085,17871.648211,18052.246779
BUX,2014.04.09.,18031.947099,18216.300034,18005.260505,18150.211042
BUX,2014.04.10.,18156.14231,18257.451316,18046.727611,18126.256491
BUX,2014.04.11.,18120.061193,18120.061193,17839.459176,17965.253318
BUX,2014.04.14.,17965.15176,17969.067612,17697.762757,17797.714616
BUX,2014.04.15.,17758.861259,17839.411291,17345.603491,17345.603491
BUX,2014.04.16.,17360.982826,17593.404244,17312.779566,17407.972046
BUX,2014.04.17.,17413.801733,17702.767913,17413.801733,17702.767913
BUX,2014.04.22.,17692.151304,17885.566486,17677.032059,17884.560612
BUX,2014.04.23.,17889.352571,17981.006396,17774.540233,17774.540233
BUX,2014.04.24.,17789.541765,17914.709604,17573.503924,17573.503924
BUX,2014.04.25.,17597.6198,17597.6198,17432.502423,17571.411781
BUX,2014.04.28.,17583.469719,17650.538071,17474.570308,17540.663573
BUX,2014.04.29.,17538.287104,17682.487166,17538.287104,17616.007798
BUX,2014.04.30.,17615.823014,17615.823014,17434.526876,17434.526876
BUX,2014.05.05.,17430.352022,17455.934203,17220.474722,17373.536279
BUX,2014.05.06.,17375.648804,17660.384248,17346.36072,17660.384248
BUX,2014.05.07.,17700.457815,17987.425109,17611.794553,17986.104848
BUX,2014.05.08.,17925.616298,18122.542068,17923.7277,18102.13837
BUX,2014.05.09.,18102.239928,18164.037868,17991.752871,18156.804407
BUX,2014.05.12.,18166.412329,18242.751615,18049.987824,18237.084422
BUX,2014.05.13.,18239.892566,18326.965303,18049.348165,18135.093754
BUX,2014.05.14.,18160.65096,18278.968166,18071.99533,18277.549062
BUX,2014.05.15.,18281.946653,18416.763852,18165.291569,18238.109608
BUX,2014.05.16.,18240.136979,18437.597576,18147.65714,18435.220998
BUX,2014.05.19.,18432.734968,18658.298752,18381.731917,18644.170384
BUX,2014.05.20.,18644.94338,18814.508956,18636.423167,18814.508956
BUX,2014.05.21.,18814.508956,18909.809169,18726.811652,18890.561521
BUX,2014.05.22.,18917.972485,19111.522965,18917.972485,19092.40116
BUX,2014.05.23.,19090.443234,19199.032918,18988.373032,19193.182995
BUX,2014.05.26.,19201.014699,19222.822994,19087.799253,19105.81483
BUX,2014.05.27.,19104.298394,19193.778001,19011.337776,19051.172599
BUX,2014.05.28.,19048.105461,19048.105461,18902.353974,18968.152555
BUX,2014.05.29.,18967.733175,19058.886835,18917.704543,19058.728129
BUX,2014.05.30.,19067.937328,19338.813432,19040.744631,19264.417175
BUX,2014.06.02.,19270.860018,19522.724756,19251.974876,19300.543661
BUX,2014.06.03.,19313.743322,19313.743322,19122.13085,19129.16913
BUX,2014.06.04.,19122.816575,19183.2374,18949.931354,19089.092071
BUX,2014.06.05.,19089.744391,19253.026176,18920.477321,18954.649253
BUX,2014.06.06.,19025.366025,19065.326825,18859.034183,19065.326825
BUX,2014.06.10.,19086.75356,19234.149327,18956.784701,19071.733957
BUX,2014.06.11.,19090.438315,19103.309025,18704.994191,19006.601256
BUX,2014.06.12.,18967.726189,19015.698979,18792.617509,18912.093689
BUX,2014.06.13.,18944.830588,18944.830588,18684.68024,18796.523258
BUX,2014.06.16.,18771.100805,18867.27106,18599.719769,18851.915472
BUX,2014.06.17.,18853.231601,18881.430022,18695.194279,18695.194279
BUX,2014.06.18.,18728.443665,18970.945822,18670.103408,18970.945822
BUX,2014.06.19.,18968.990807,19155.286447,18881.682088,19086.906412
BUX,2014.06.20.,19078.287308,19144.607009,18953.37928,18953.37928
BUX,2014.06.23.,18955.293704,19095.810571,18918.176129,19072.200794
BUX,2014.06.24.,19095.919781,19116.925959,18982.717188,19018.845521
BUX,2014.06.25.,19032.772899,19033.560924,18838.325296,18896.691089
BUX,2014.06.26.,18885.283304,18908.613506,18474.327134,18511.016759
BUX,2014.06.27.,18566.743363,18729.388028,18505.509647,18729.388028
BUX,2014.06.30.,18695.895283,18704.40789,18543.481887,18605.777346
BUX,2014.07.01.,18615.836799,18670.948373,18440.908187,18494.927851
BUX,2014.07.02.,18495.608222,18539.483416,18349.255643,18539.483416
BUX,2014.07.03.,18541.529473,18612.986424,18462.296951,18612.986424
BUX,2014.07.04.,18611.915087,18611.915087,18325.259979,18446.500605
BUX,2014.07.07.,18470.883186,18541.245668,18278.34267,18541.245668
BUX,2014.07.08.,18513.906749,18546.198006,18319.23029,18329.789673
BUX,2014.07.09.,18380.549531,18421.422899,17962.691514,18005.860325
BUX,2014.07.10.,18002.549697,18024.284208,17601.735994,17854.110766
BUX,2014.07.11.,17880.709496,17962.168153,17696.989935,17902.464839
BUX,2014.07.14.,17918.833289,18108.049851,17918.833289,18089.781673
BUX,2014.07.15.,18089.781673,18217.536788,18068.072232,18144.254792
BUX,2014.07.16.,18148.073621,18220.877138,18132.790497,18161.821197
BUX,2014.07.17.,18173.155584,18173.155584,17996.841797,18026.451703
BUX,2014.07.18.,18017.08778,18017.08778,17775.965366,17924.695179
BUX,2014.07.21.,17901.898709,17986.898633,17842.670711,17956.260212
BUX,2014.07.22.,17990.744769,18116.250652,17990.744769,18104.860799
BUX,2014.07.23.,18126.708349,18144.980033,17959.039547,18004.51004
BUX,2014.07.24.,17990.872515,17996.80376,17872.653314,17952.634535
BUX,2014.07.25.,17948.542423,17948.997967,17803.234746,17860.746789
BUX,2014.07.28.,17900.228568,17916.811871,17790.171678,17903.945985
BUX,2014.07.29.,17876.819151,17925.77708,17783.703053,17865.457356
BUX,2014.07.30.,17896.621055,17942.220462,17806.826075,17823.932951
BUX,2014.07.31.,17790.472587,17790.557634,17446.257442,17521.842211
BUX,2014.08.01.,17540.55171,17700.59063,17495.209257,17700.59063
BUX,2014.08.04.,17706.444089,17741.755384,17612.566347,17655.692346
BUX,2014.08.05.,17678.268205,17783.789708,17614.846935,17651.899054
BUX,2014.08.06.,17624.410258,17663.504994,17326.20911,17346.547588
BUX,2014.08.07.,17325.983362,17340.378878,17130.955017,17137.403565
BUX,2014.08.08.,17104.96424,17208.656415,17000.739939,17092.374307
BUX,2014.08.11.,17145.744201,17378.005177,17139.812956,17273.999079
BUX,2014.08.12.,17276.357665,17293.596542,17044.278564,17082.217674
BUX,2014.08.13.,17088.695015,17423.898362,17088.695015,17423.898362
BUX,2014.08.14.,17434.806788,17442.908846,17335.409716,17411.508509
BUX,2014.08.15.,17409.97494,17575.856366,17409.97494,17506.092621
BUX,2014.08.18.,17511.216164,17747.080963,17511.216164,17670.581358
BUX,2014.08.19.,17755.773195,17851.951035,17714.127445,17715.559456
BUX,2014.08.21.,17715.167099,17969.508606,17715.167099,17963.97883
BUX,2014.08.22.,17970.89105,18018.311568,17761.854804,17802.522665
BUX,2014.08.25.,17861.432555,17963.000864,17852.60339,17885.209285
BUX,2014.08.26.,17900.900368,18017.21004,17857.989569,18007.239672
BUX,2014.08.27.,18006.946834,18023.449206,17932.848269,18023.449206
BUX,2014.08.28.,18023.831915,18023.831915,17598.558097,17648.895889
BUX,2014.08.29.,17699.629978,17828.072555,17669.380585,17779.763414
BUX,2014.09.01.,17787.920062,17890.597497,17716.325953,17881.224051
BUX,2014.09.02.,17940.460973,18058.24045,17910.588963,17969.676964
BUX,2014.09.03.,17969.676964,18415.302577,17969.676964,18415.302577
BUX,2014.09.04.,18415.475011,18655.180016,18336.709747,18630.556005
BUX,2014.09.05.,18630.556005,18631.876266,18523.641944,18591.71921
BUX,2014.09.08.,18591.455158,18654.310662,18493.361636,18561.292931
BUX,2014.09.09.,18548.850936,18680.169928,18385.538147,18670.016792
BUX,2014.09.10.,18657.981867,18766.810734,18477.723319,18709.492357
BUX,2014.09.11.,18698.61084,18746.984048,18567.053589,18638.278354
BUX,2014.09.12.,18654.689647,18691.79933,18560.999322,18691.79933
BUX,2014.09.15.,18677.824422,18721.116631,18578.37594,18675.804594
BUX,2014.09.16.,18682.080708,18766.361356,18567.875398,18727.682085
BUX,2014.09.17.,18762.051194,18807.697162,18720.747743,18775.531854
BUX,2014.09.18.,18793.739437,18806.398873,18607.90153,18749.342246
BUX,2014.09.19.,18767.756751,18796.224335,18412.396902,18412.396902
BUX,2014.09.22.,18413.720085,18597.055879,18340.354946,18522.769506
BUX,2014.09.23.,18528.612929,18528.612929,18257.125765,18257.125765
BUX,2014.09.24.,18206.160165,18270.242481,18025.805704,18092.859606
BUX,2014.09.25.,18022.481141,18187.176494,17761.268374,17839.723628
BUX,2014.09.26.,17830.646065,17860.897876,17564.705485,17619.508243
BUX,2014.09.29.,17679.595151,17855.458873,17573.828434,17838.871823
BUX,2014.09.30.,17837.873068,17997.442231,17837.873068,17884.705239
BUX,2014.10.01.,17916.739194,17959.390497,17824.595975,17959.390497
BUX,2014.10.02.,17940.755609,17940.755609,17680.755273,17717.775551
BUX,2014.10.03.,17728.421525,17927.094724,17727.572121,17894.33301
BUX,2014.10.06.,17944.140926,18108.673431,17943.631283,18031.430362
BUX,2014.10.07.,18019.840943,18054.823763,17854.730963,17963.827857
BUX,2014.10.08.,17961.569881,17967.413304,17709.544076,17710.83385
BUX,2014.10.09.,17755.018616,17997.45961,17755.018616,17825.153503
BUX,2014.10.10.,17783.64194,17783.64194,17579.592672,17701.045872
BUX,2014.10.13.,17645.174261,17818.867938,17602.693071,17741.536268
BUX,2014.10.14.,17717.990078,17785.818924,17604.839224,17677.864687
BUX,2014.10.15.,17670.174411,17760.431985,17435.210368,17503.481829
BUX,2014.10.16.,17494.669528,17546.91039,17238.276907,17319.420765
BUX,2014.10.17.,17342.492663,17714.86096,17339.316185,17648.882284
BUX,2014.10.20.,17631.352015,17656.51589,17336.259071,17336.259071
BUX,2014.10.21.,17373.19348,17512.385552,17241.002252,17493.350181
BUX,2014.10.22.,17489.204716,17514.600901,17295.719549,17298.244948
BUX,2014.10.27.,17352.075633,17502.750218,17065.29766,17129.748204
BUX,2014.10.28.,17167.432162,17196.240117,17035.878881,17037.951614
BUX,2014.10.29.,17072.929374,17173.025491,16821.952364,16898.910255
BUX,2014.10.30.,16941.03486,17159.089322,16837.339754,17146.966291
BUX,2014.10.31.,17186.335635,17348.474328,17186.201765,17320.315132
BUX,2014.11.03.,17264.937707,17350.313853,17174.052888,17350.313853
BUX,2014.11.04.,17354.019555,17426.44224,17129.728723,17156.314502
BUX,2014.11.05.,17165.922733,17308.773727,17165.922733,17272.266246
BUX,2014.11.06.,17321.711662,17323.598501,17138.30923,17156.368782
BUX,2014.11.07.,17181.422648,17221.733964,17062.716908,17123.763809
BUX,2014.11.10.,17098.89102,17640.643925,17079.693998,17624.994738
BUX,2014.11.11.,17605.657617,17692.924942,17381.044233,17384.037764
BUX,2014.11.12.,17398.61248,17564.087151,17361.591072,17437.594498
BUX,2014.11.13.,17453.39515,17541.908229,17433.097894,17456.563007
BUX,2014.11.14.,17456.219566,17494.695439,17358.468142,17382.946152
BUX,2014.11.17.,17382.846097,17384.858242,17206.768957,17310.386961
BUX,2014.11.18.,17309.352195,17449.50336,17284.184825,17449.50336
BUX,2014.11.19.,17450.827232,17593.85095,17431.397211,17585.793555
BUX,2014.11.20.,17586.088258,17586.088258,17412.827957,17504.383278
BUX,2014.11.21.,17504.477873,17546.888053,17445.120572,17445.120572
BUX,2014.11.24.,17446.340073,17516.757049,17306.700432,17362.665843
BUX,2014.11.25.,17362.665843,17606.864156,17339.596942,17606.864156
BUX,2014.11.26.,17606.469311,17621.691464,17496.506864,17552.45755
BUX,2014.11.27.,17578.169647,17585.733921,17475.653697,17488.210552
BUX,2014.11.28.,17470.532731,17493.54346,17233.597273,17350.089277
BUX,2014.12.01.,17288.094941,17288.26486,17044.525096,17086.3401
BUX,2014.12.02.,17067.595792,17232.364418,17067.595792,17193.264111
BUX,2014.12.03.,17218.052884,17313.631178,17158.642706,17281.569014
BUX,2014.12.04.,17318.528254,17569.563859,17318.528254,17399.467
BUX,2014.12.05.,17431.759657,17752.307439,17415.941834,17751.872935
BUX,2014.12.08.,17765.328209,17779.822144,17615.910437,17747.900271
BUX,2014.12.09.,17683.014728,17683.014728,17521.055445,17605.2793
BUX,2014.12.10.,17637.77211,17792.85217,17609.049681,17621.96137
BUX,2014.12.11.,17621.861293,17622.156062,17463.089962,17463.6795
BUX,2014.12.12.,17469.651146,17530.731795,17282.444222,17318.447717
BUX,2014.12.15.,17257.898985,17386.697589,16975.506415,16984.225948
BUX,2014.12.16.,16970.600756,17012.14814,15907.906193,16169.176869
BUX,2014.12.17.,16197.432944,16355.357888,15861.81515,16253.844649
BUX,2014.12.18.,16254.524323,16533.478865,16154.036146,16199.492923
BUX,2014.12.19.,16193.478287,16463.309703,16193.185047,16382.703017
BUX,2014.12.22.,16381.953302,16540.486168,16381.953302,16540.486168
BUX,2014.12.23.,16519.754253,16652.14465,16459.968315,16519.041672
BUX,2014.12.29.,16519.041672,16594.233878,16437.251871,16519.159898
BUX,2014.12.30.,16508.370009,16634.00044,16447.317931,16634.00044
BUX,2015.01.05.,16634.230573,16634.230573,16327.125022,16414.803631
BUX,2015.01.06.,16377.238261,16404.487586,16172.316066,16173.60981
BUX,2015.01.07.,16196.153165,16310.204556,16075.664604,16191.369574
BUX,2015.01.08.,16225.620351,16509.862452,16221.249477,16441.679869
BUX,2015.01.09.,16441.582371,16470.535752,16222.745142,16222.745142
BUX,2015.01.12.,16256.182723,16293.862379,16043.827894,16158.76652
BUX,2015.01.13.,16125.620606,16198.015935,16041.530185,16140.264296
BUX,2015.01.14.,16125.474654,16159.677304,16014.551399,16066.128138
BUX,2015.01.15.,16063.373858,16179.65433,15650.596711,15686.694551
BUX,2015.01.16.,15710.243338,15802.775594,15596.557424,15755.904764
BUX,2015.01.19.,15764.571805,15849.709412,15744.505097,15802.539353
BUX,2015.01.20.,15809.677814,16265.007565,15805.531431,16265.007565
BUX,2015.01.21.,16300.591658,16497.291482,16239.011963,16392.434498
BUX,2015.01.22.,16393.167598,16776.868555,16393.167598,16776.868555
BUX,2015.01.23.,16794.136767,16876.708185,16678.331101,16759.095429
BUX,2015.01.26.,16725.754446,16895.360673,16484.058097,16890.950157
BUX,2015.01.27.,16881.531465,16962.988684,16810.550761,16952.240478
BUX,2015.01.28.,16980.033945,17179.600217,16918.987761,16918.987761
BUX,2015.01.29.,16904.18696,16904.18696,16616.52022,16667.987945
BUX,2015.01.30.,16649.751404,16742.49506,16478.788387,16530.926128
BUX,2015.02.02.,16652.797093,16738.959684,16499.243707,16719.071542
BUX,2015.02.03.,16743.239564,17258.055316,16743.239564,17258.055316
BUX,2015.02.04.,17259.821156,17492.804279,17084.177045,17350.832324
BUX,2015.02.05.,17299.188206,17427.387211,17096.034958,17211.606043
BUX,2015.02.06.,17247.317418,17339.130394,17083.276883,17339.130394
BUX,2015.02.09.,17253.391444,17747.105919,16955.635385,17665.689617
BUX,2015.02.10.,17651.416627,17977.953988,17651.416627,17942.134051
BUX,2015.02.11.,17922.404735,17922.473363,17605.90446,17744.908014
BUX,2015.02.12.,17747.663886,18160.824527,17718.741345,18113.163015
BUX,2015.02.13.,18131.821738,18170.575742,18014.786276,18083.816345
BUX,2015.02.16.,18039.88229,18039.88229,17865.562549,17870.651668
BUX,2015.02.17.,17847.163881,18030.710457,17718.41598,17913.106637
BUX,2015.02.18.,17981.496807,18167.757277,17971.893778,18082.267802
BUX,2015.02.19.,18065.841465,18160.406549,18009.199702,18080.362059
BUX,2015.02.20.,18114.761948,18169.65406,17994.416315,18011.536866
BUX,2015.02.23.,18040.263325,18208.761248,18040.263325,18205.378152
BUX,2015.02.24.,18254.439492,18575.469085,18182.384523,18507.839036
BUX,2015.02.25.,18514.648147,18650.424232,18497.078171,18567.30383
BUX,2015.02.26.,18539.682235,18656.800458,18478.697112,18490.938675
BUX,2015.02.27.,18478.499526,18514.833655,18210.193423,18210.193423
BUX,2015.03.02.,18234.731884,18266.624722,17994.056807,18009.662189
BUX,2015.03.03.,18056.755647,18188.339479,17792.358806,17808.58183
BUX,2015.03.04.,17822.499712,17934.626225,17737.523878,17824.281446
BUX,2015.03.05.,17841.715521,18020.979757,17841.456772,17897.112521
BUX,2015.03.06.,17908.046357,18326.070912,17908.046357,18283.401627
BUX,2015.03.09.,18306.780495,18457.744528,18262.967758,18370.17006
BUX,2015.03.10.,18364.496912,18511.885314,18329.362874,18380.682891
BUX,2015.03.11.,18367.815768,18716.575284,18354.873985,18684.497837
BUX,2015.03.12.,18694.343157,18826.543101,18497.219704,18785.402725
BUX,2015.03.13.,18792.031907,18849.192847,18605.618426,18666.385935
BUX,2015.03.16.,18672.230652,18758.52694,18634.555885,18674.969808
BUX,2015.03.17.,18726.575867,18732.100186,18609.867069,18630.842085
BUX,2015.03.18.,18598.08682,18623.742558,18488.597729,18522.421879
BUX,2015.03.19.,18621.696136,18918.481644,18621.696136,18915.74251
BUX,2015.03.20.,18943.832132,19235.969391,18929.821594,19226.025616
BUX,2015.03.23.,19227.647309,19420.629925,19174.908693,19327.383445
BUX,2015.03.24.,19311.837515,19533.203663,19144.750121,19533.203663
BUX,2015.03.25.,19526.709774,20322.113515,19452.928407,20106.094647
BUX,2015.03.26.,20075.720371,20244.882222,19823.63971,20191.103397
BUX,2015.03.27.,20185.311692,20235.535771,19852.852504,19964.680869
BUX,2015.03.30.,19952.895209,20174.120378,19952.895209,20045.915414
BUX,2015.03.31.,20021.301024,20107.527259,19584.238933,19689.157568
BUX,2015.04.01.,19736.167121,19913.71652,19642.578903,19654.629224
BUX,2015.04.02.,19620.946375,20021.066242,19620.946375,20002.449679
BUX,2015.04.07.,20097.677827,20534.065096,20097.677827,20462.453583
BUX,2015.04.08.,20424.884252,20901.188216,20424.884252,20804.90837
BUX,2015.04.09.,20776.806716,20893.455397,20647.424189,20848.305891
BUX,2015.04.10.,20844.560771,21191.831606,20812.267075,21152.476155
BUX,2015.04.13.,21158.173843,22230.095484,21158.173843,22230.095484
BUX,2015.04.14.,22213.247842,22583.327838,21720.311611,21975.219097
BUX,2015.04.15.,21928.439944,22233.930453,21795.601503,22077.641472
BUX,2015.04.16.,22142.335062,22255.108139,21874.368252,21900.532597
BUX,2015.04.17.,21883.691172,21930.533604,21302.944911,21326.987106
BUX,2015.04.20.,21289.411558,21693.118499,21234.907169,21642.724763
BUX,2015.04.21.,21746.815388,22085.631284,21746.815388,21903.374566
BUX,2015.04.22.,21921.025588,22015.405901,21794.361656,21955.289205
BUX,2015.04.23.,21926.286164,22050.589786,21864.346642,22050.589786
BUX,2015.04.24.,22076.65953,22420.433678,22058.140142,22420.433678
BUX,2015.04.27.,22400.380029,22860.767203,22400.380029,22821.788918
BUX,2015.04.28.,22857.885486,23046.505289,22682.325321,22789.25606
BUX,2015.04.29.,22739.054943,22862.31601,22320.455819,22321.23071
BUX,2015.04.30.,22359.332644,22767.958491,22137.235662,22612.455461
BUX,2015.05.04.,22652.562759,22837.552574,22554.032392,22554.032392
BUX,2015.05.05.,22648.457287,22816.488096,22587.949021,22588.619246
BUX,2015.05.06.,22709.836367,22850.533284,22641.091224,22850.533284
BUX,2015.05.07.,22802.038002,22830.085185,22494.649891,22731.640971
BUX,2015.05.08.,22816.117128,22937.683893,22551.90697,22742.939332
BUX,2015.05.11.,22704.29634,22791.913489,22640.509866,22714.488303
BUX,2015.05.12.,22691.156973,22691.156973,22414.502755,22529.131526
BUX,2015.05.13.,22493.651163,22568.626546,22248.457124,22393.967846
BUX,2015.05.14.,22423.898442,22424.398375,22195.907794,22196.604823
BUX,2015.05.15.,22202.598778,22465.541948,22190.649017,22393.005674
BUX,2015.05.18.,22393.702703,22416.220791,22169.014286,22251.277254
BUX,2015.05.19.,22258.23824,22446.908117,22227.488565,22333.715499
BUX,2015.05.20.,22345.353265,22472.765103,22229.287644,22231.293008
BUX,2015.05.21.,22225.66245,22249.889387,21911.43309,22185.554145
BUX,2015.05.22.,22115.560153,22237.238947,22105.593319,22189.958879
BUX,2015.05.26.,22190.147273,22254.362107,22058.049503,22117.906469
BUX,2015.05.27.,22113.462963,22488.293778,22079.734844,22482.746566
BUX,2015.05.28.,22501.143629,22576.151521,22402.148485,22445.821408
BUX,2015.05.29.,22446.023659,22563.745009,22328.723664,22378.743603
BUX,2015.06.01.,22480.37246,22557.375972,22266.386605,22312.204732
BUX,2015.06.02.,22313.142347,22388.8753,22152.558181,22386.479271
BUX,2015.06.03.,22418.177882,22432.756961,22300.924728,22389.828836
BUX,2015.06.04.,22377.211314,22410.812154,22072.259263,22303.769577
BUX,2015.06.05.,22322.562624,22473.154818,22270.362173,22326.946271
BUX,2015.06.08.,22302.316783,22302.316783,21842.673506,21842.673506
BUX,2015.06.09.,21801.076805,22080.168192,21691.378882,22036.053635
BUX,2015.06.10.,22040.33593,22073.949461,21875.441938,21964.716953
BUX,2015.06.11.,22035.467936,22279.931475,21945.847825,22215.735747
BUX,2015.06.12.,22180.504229,22225.802889,21879.141668,21879.141668
BUX,2015.06.15.,21829.403054,21838.802973,21608.273098,21799.821304
BUX,2015.06.16.,21770.446559,21770.446559,21522.853089,21693.462275
BUX,2015.06.17.,21726.069354,21814.488392,21454.759939,21720.148242
BUX,2015.06.18.,21719.503161,21719.503161,21386.651745,21529.131011
BUX,2015.06.19.,21513.362817,21597.413836,21429.667273,21470.938306
BUX,2015.06.22.,21677.675086,21800.346322,21592.283438,21775.404931
BUX,2015.06.23.,21810.245543,22102.57579,21810.245543,21999.313248
BUX,2015.06.24.,21971.768561,22098.965636,21755.666011,21844.657102
BUX,2015.06.25.,21740.833633,21906.949631,21476.741069,21476.741069
BUX,2015.06.26.,21384.181708,21843.429334,21384.181708,21807.500372
BUX,2015.06.29.,21804.09733,21804.09733,21167.987221,21623.715466
BUX,2015.06.30.,21613.290313,21903.133324,21549.204924,21903.133324
BUX,2015.07.01.,21898.194857,22245.649233,21806.493349,21875.858912
BUX,2015.07.02.,21948.554332,22126.087403,21893.436927,22005.692866
BUX,2015.07.03.,22055.165869,22106.467658,21825.971624,21873.782976
BUX,2015.07.06.,21872.462373,21872.462373,21525.825775,21753.358258
BUX,2015.07.07.,21803.479456,21904.794819,21378.096158,21400.72435
BUX,2015.07.08.,21383.741374,21486.430112,21297.540991,21367.322727
BUX,2015.07.09.,21403.24405,21812.017877,21388.736954,21734.717156
BUX,2015.07.10.,21897.198913,22099.222339,21892.357328,22064.460267
BUX,2015.07.13.,22075.88923,22224.308562,21979.607193,22098.767535
BUX,2015.07.14.,22028.450552,22167.384525,21888.822432,22144.474778
BUX,2015.07.15.,22102.808241,22333.693866,22080.661321,22285.043726
BUX,2015.07.16.,22266.408744,22534.080455,22245.258928,22507.227091
BUX,2015.07.17.,22506.676326,22534.675931,22381.296992,22490.22232
BUX,2015.07.20.,22449.097678,22550.337823,22382.559281,22475.889401
BUX,2015.07.21.,22486.94227,22631.131539,22446.425396,22576.278468
BUX,2015.07.22.,22532.803846,22532.803846,22358.683038,22374.160156
BUX,2015.07.23.,22380.035105,22448.011832,22308.942506,22315.452616
BUX,2015.07.24.,22315.975388,22444.495298,22292.525297,22384.050638
BUX,2015.07.27.,22372.649255,22372.649255,22107.805691,22151.401749
BUX,2015.07.28.,22150.575273,22431.194808,22143.618173,22381.97171
BUX,2015.07.29.,22412.217741,22508.294412,22264.468625,22321.538492
BUX,2015.07.30.,22321.392227,22586.40225,22321.392227,22537.664603
BUX,2015.07.31.,22530.366947,22633.079427,22472.582191,22588.985394
BUX,2015.08.03.,22605.435251,22668.236134,22547.382088,22615.867947
BUX,2015.08.04.,22604.118049,22634.07378,22467.088889,22553.43622
BUX,2015.08.05.,22555.667194,22795.620869,22555.16726,22781.337145
BUX,2015.08.06.,22772.592354,22813.730982,22383.501712,22420.837754
BUX,2015.08.07.,22432.723927,22544.524212,22421.07452,22492.783341
BUX,2015.08.10.,22479.089315,22543.854011,22435.97094,22543.854011
BUX,2015.08.11.,22515.277844,22558.516661,22261.228185,22282.398496
BUX,2015.08.12.,22206.767989,22206.767989,22070.861206,22202.009417
BUX,2015.08.13.,22275.753273,22499.354621,22272.385943,22493.56839
BUX,2015.08.14.,22537.869227,22602.611464,22237.329657,22300.928643
BUX,2015.08.17.,22328.763439,22346.36695,22210.323994,22281.445507
BUX,2015.08.18.,22227.933909,22237.118146,21990.201058,22002.427111
BUX,2015.08.19.,22023.896044,22156.238025,21922.240385,22120.257156
BUX,2015.08.24.,22070.472948,22070.472948,20517.191958,20778.285505
BUX,2015.08.25.,20821.222447,21633.444546,20821.222447,21389.348229
BUX,2015.08.26.,21405.834213,21412.476331,21182.924057,21190.853055
BUX,2015.08.27.,21384.801685,21584.492138,21384.801685,21511.151147
BUX,2015.08.28.,21589.100982,21595.842222,21191.780719,21333.90291
BUX,2015.08.31.,21276.000711,21398.665527,21185.9959,21395.946299
BUX,2015.09.01.,21299.981667,21435.452153,21122.844052,21122.944765
BUX,2015.09.02.,21120.874392,21299.792785,21022.661371,21173.049299
BUX,2015.09.03.,21223.298115,21584.75983,21223.298115,21584.75983
BUX,2015.09.04.,21544.946352,21554.414545,21269.083564,21335.785115
BUX,2015.09.07.,21354.878717,21453.621421,21302.09318,21335.267355
BUX,2015.09.08.,21359.400642,21359.400642,20941.970484,20952.52949
BUX,2015.09.09.,21080.287069,21230.397863,21080.287069,21106.957253
BUX,2015.09.10.,21071.035228,21306.506755,20993.474944,21306.506755
BUX,2015.09.11.,21252.628148,21281.366842,21074.396298,21083.052119
BUX,2015.09.14.,21115.026117,21247.644212,21096.524057,21219.232028
BUX,2015.09.15.,21189.735787,21261.790837,21040.356979,21126.964269
BUX,2015.09.16.,21152.455417,21258.111705,21034.809752,21107.423467
BUX,2015.09.17.,21130.216017,21172.285325,20889.89917,21040.862826
BUX,2015.09.18.,21093.932617,21285.398244,21026.432075,21119.26391
BUX,2015.09.21.,21090.259451,21238.831126,21061.812934,21238.831126
BUX,2015.09.22.,21236.277952,21311.999906,20716.652344,20717.919222
BUX,2015.09.23.,20737.702442,20946.254041,20687.220804,20687.220804
BUX,2015.09.24.,20717.579243,20848.577425,20525.830782,20610.764747
BUX,2015.09.25.,20651.965485,20939.280419,20651.965485,20831.021503
BUX,2015.09.28.,20861.189293,20882.770128,20584.358334,20666.722451
BUX,2015.09.29.,20645.037852,20940.635077,20452.902686,20932.822043
BUX,2015.09.30.,20960.943579,21047.114458,20827.939143,20893.955871
BUX,2015.10.01.,20893.937068,21043.210922,20890.338414,20956.852428
BUX,2015.10.02.,20957.556149,21034.805812,20759.9324,20793.580214
BUX,2015.10.05.,20824.029714,21080.782689,20824.029714,21040.052958
BUX,2015.10.06.,21058.319514,21187.148224,21014.987691,21152.440675
BUX,2015.10.07.,21153.668268,21389.354833,21140.72841,21371.111891
BUX,2015.10.08.,21346.565835,21610.815275,21274.218588,21610.815275
BUX,2015.10.09.,21608.379735,21970.799729,21576.698085,21941.417791
BUX,2015.10.12.,21948.024635,22058.719308,21885.808292,22029.002049
BUX,2015.10.13.,22028.749733,22028.749733,21710.905291,21905.14324
BUX,2015.10.14.,21899.171121,22042.734213,21783.234243,21890.822185
BUX,2015.10.15.,21891.39413,22022.557153,21891.39413,22007.066228
BUX,2015.10.16.,22018.575543,22115.495969,21848.834528,21852.097621
BUX,2015.10.19.,21803.639234,21997.376993,21747.870031,21850.616651
BUX,2015.10.20.,21826.368198,21834.075727,21574.782255,21651.612498
BUX,2015.10.21.,21704.181464,21732.393357,21519.510481,21548.552745
BUX,2015.10.22.,21531.199115,21903.29563,21531.199115,21883.77769
BUX,2015.10.26.,21979.527502,22155.705431,21979.527502,22100.061768
BUX,2015.10.27.,22036.9503,22195.342844,21897.93731,22195.342844
BUX,2015.10.28.,22156.717138,22187.989642,21971.878371,22064.523845
BUX,2015.10.29.,22066.692305,22072.664423,21915.138936,21945.99659
BUX,2015.10.30.,21941.850319,21982.516896,21508.072883,21557.444624
BUX,2015.11.02.,21583.501795,21644.063539,21501.550879,21580.45468
BUX,2015.11.03.,21593.140459,21666.860166,21556.761706,21628.466501
BUX,2015.11.04.,21668.877523,22210.368274,21668.877523,22057.817318
BUX,2015.11.05.,22098.205605,22233.721332,22054.968386,22130.599162
BUX,2015.11.06.,22181.870131,22408.227459,22142.632789,22285.237587
BUX,2015.11.09.,22306.922186,22526.733312,22306.922186,22483.924697
BUX,2015.11.10.,22481.387541,22535.7895,22365.299893,22394.590955
BUX,2015.11.11.,22402.408627,22577.84051,22374.249568,22508.676751
BUX,2015.11.12.,22502.171371,22552.900662,22404.094344,22545.214356
BUX,2015.11.13.,22394.306342,22400.363737,22196.034459,22393.983256
BUX,2015.11.16.,22315.918699,22498.827507,22156.667115,22404.779356
BUX,2015.11.17.,22481.868971,22949.623651,22481.868971,22857.56981
BUX,2015.11.18.,22880.685478,23279.894219,22823.495986,23279.894219
BUX,2015.11.19.,23307.459875,23441.841741,23040.477636,23070.827882
BUX,2015.11.20.,23055.666489,23257.224464,23055.666489,23125.786464
BUX,2015.11.23.,23059.582864,23488.331554,22939.654179,23485.896013
BUX,2015.11.24.,23479.635559,23527.016796,23317.770852,23396.867698
BUX,2015.11.25.,23457.584575,23654.160383,23308.63291,23610.619979
BUX,2015.11.26.,23610.929125,23836.620301,23560.58729,23826.738333
BUX,2015.11.27.,23822.748658,23822.748658,23599.772864,23712.666321
BUX,2015.11.30.,23751.563075,23936.840665,23725.297322,23768.604034
BUX,2015.12.01.,23835.751231,24055.218553,23805.256164,23846.608077
BUX,2015.12.02.,23903.856572,23922.143356,23593.416506,23681.216703
BUX,2015.12.03.,23624.185546,23908.131977,23588.813709,23687.652459
BUX,2015.12.04.,23667.323175,23769.199581,23400.420314,23629.054282
BUX,2015.12.07.,23632.332934,23700.329578,23319.061222,23319.061222
BUX,2015.12.08.,23336.336605,23435.527356,23290.998897,23324.898542
BUX,2015.12.09.,23342.298147,23482.934433,23341.526078,23431.577778
BUX,2015.12.10.,23383.653553,23556.222804,23383.653553,23477.188267
BUX,2015.12.11.,23470.960219,23505.631074,23125.864774,23125.864774
BUX,2015.12.14.,23125.560138,23291.156886,22995.918123,23005.733233
BUX,2015.12.15.,23006.673314,23167.922262,23006.673314,23073.625171
BUX,2015.12.16.,23106.772052,23700.902267,23106.772052,23693.380271
BUX,2015.12.17.,23686.652852,23963.283776,23671.485093,23703.077261
BUX,2015.12.18.,23688.350836,23833.064324,23539.421669,23666.286827
BUX,2015.12.21.,23678.231064,23898.640307,23653.195908,23745.861224
BUX,2015.12.22.,23746.051872,23804.282869,23435.277202,23455.907654
BUX,2015.12.23.,23455.907654,23611.03026,23452.708678,23547.395272
BUX,2015.12.28.,23546.874405,23613.884572,23477.080492,23600.029733
BUX,2015.12.29.,23599.542761,23964.470161,23551.411457,23964.470161
BUX,2015.12.30.,23964.876733,23993.269634,23839.421675,23920.64571
BUX,2016.01.04.,23920.455062,23920.455062,23509.118191,23632.571544
BUX,2016.01.05.,23632.571544,23861.387786,23632.571544,23861.387786
BUX,2016.01.06.,23787.452447,24000.535907,23747.209201,24000.535907
BUX,2016.01.07.,24000.129335,24000.129335,23468.499019,23595.103473
BUX,2016.01.08.,23595.103473,24027.320338,23595.103473,23956.194258
BUX,2016.01.11.,23938.277903,24128.57816,23798.841438,23900.681059
BUX,2016.01.12.,23945.081285,24342.350916,23925.565146,24302.451435
BUX,2016.01.13.,24309.999249,24529.055791,24304.027131,24330.342335
BUX,2016.01.14.,24256.900342,24284.305298,24051.423844,24284.305298
BUX,2016.01.15.,24314.380396,24433.764501,23866.792465,23882.923407
BUX,2016.01.18.,23891.031384,23932.864266,23179.427273,23179.427273
BUX,2016.01.19.,23190.261317,23574.198955,23190.261317,23214.769694
BUX,2016.01.20.,23213.82328,23213.82328,22753.20541,22753.20541
BUX,2016.01.21.,22758.98688,22908.99257,22595.46795,22908.99257
BUX,2016.01.22.,22962.431999,23446.500167,22962.431999,23357.243299
BUX,2016.01.25.,23453.080316,23522.096137,23134.755046,23234.026666
BUX,2016.01.26.,23112.580541,23523.055153,22951.214421,23522.07993
BUX,2016.01.27.,23544.01445,23769.46409,23475.893452,23769.46409
BUX,2016.01.28.,23759.02028,23889.472935,23679.933481,23778.94071
BUX,2016.01.29.,23888.394733,24022.485415,23843.446259,23997.309191
BUX,2016.02.01.,23975.624592,24127.564111,23897.8129,24126.700093
BUX,2016.02.02.,24132.481563,24132.481563,23558.237442,23558.482855
BUX,2016.02.03.,23558.292207,23693.406542,23367.896052,23395.726469
BUX,2016.02.04.,23401.889236,23781.526814,23401.889236,23556.505701
BUX,2016.02.05.,23562.477819,23771.687964,23506.660393,23637.224778
BUX,2016.02.08.,23648.648148,23766.96523,23262.31565,23262.31565
BUX,2016.02.09.,23262.125001,23517.459166,22513.736112,22571.804262
BUX,2016.02.10.,22566.404089,23074.285256,22566.404089,22888.514894
BUX,2016.02.11.,22909.979103,22909.979103,22509.678057,22536.030074
BUX,2016.02.12.,22535.585997,22843.114663,22535.585997,22705.285728
BUX,2016.02.15.,22705.729805,23155.286415,22705.729805,23065.928715
BUX,2016.02.16.,23080.230317,23165.430573,22854.9078,23013.877523
BUX,2016.02.17.,23020.411061,23054.143177,22764.239323,22846.81861
BUX,2016.02.18.,22865.476507,23168.808852,22715.26039,23162.246114
BUX,2016.02.19.,23163.194782,23174.809699,23022.521781,23171.794164
BUX,2016.02.22.,23212.388657,23393.836599,23212.388657,23332.713408
BUX,2016.02.23.,23297.398067,23297.398067,23119.105377,23171.969676
BUX,2016.02.24.,23196.20835,23197.49652,22862.29186,22940.842862
BUX,2016.02.25.,22988.619808,23411.489891,22988.619808,23323.676751
BUX,2016.02.26.,23345.596618,23657.791274,23345.596618,23657.791274
BUX,2016.02.29.,23579.257448,23594.130104,23327.943758,23327.943758
BUX,2016.03.01.,23374.102299,23670.95404,23329.22772,23670.95404
BUX,2016.03.02.,23729.344594,24151.988301,23720.268011,24094.215522
BUX,2016.03.03.,24123.662104,24377.959784,24123.662104,24360.05466
BUX,2016.03.04.,24358.953624,24808.297124,24223.840335,24735.232281
BUX,2016.03.07.,24735.95524,24978.329815,24637.629061,24911.308482
BUX,2016.03.08.,24890.606385,25255.401531,24826.053814,25255.401531
BUX,2016.03.09.,25261.183,25452.168657,25205.037702,25345.768257
BUX,2016.03.10.,25341.064717,25504.3569,25247.152438,25254.65113
BUX,2016.03.11.,25315.422915,25731.267239,25315.422915,25608.694812
BUX,2016.03.16.,25587.11226,25618.53037,25449.013175,25613.81197
BUX,2016.03.17.,25674.933957,26146.671692,25674.933957,25770.704544
BUX,2016.03.18.,25770.704544,26386.874599,25770.704544,25938.6541
BUX,2016.03.21.,25957.625495,26147.686622,25719.828478,25832.370781
BUX,2016.03.22.,25856.521277,25926.831744,25699.318476,25878.609707
BUX,2016.03.23.,25878.752189,25983.188937,25532.111984,25697.584604
BUX,2016.03.24.,25708.902566,25709.352049,25432.741933,25446.07328
BUX,2016.03.29.,25445.332896,25872.840513,25445.332896,25737.404165
BUX,2016.03.30.,25743.063146,26314.566988,25743.063146,26314.302494
BUX,2016.03.31.,26326.950093,26452.406958,26132.525936,26451.019151
BUX,2016.04.01.,26449.689515,26449.689515,26165.472465,26310.880963
BUX,2016.04.04.,26343.07949,26438.66865,26247.767152,26412.095366
BUX,2016.04.05.,26402.771859,26402.771859,26148.960029,26210.413091
BUX,2016.04.06.,26218.210574,26309.78273,26116.774651,26298.109579
BUX,2016.04.07.,26313.100557,26440.057954,26306.400007,26397.456479
BUX,2016.04.08.,26434.438644,26528.750965,26329.99003,26513.450281
BUX,2016.04.11.,26544.324838,26650.443955,26237.064091,26268.416143
BUX,2016.04.12.,26305.617006,26365.088939,25892.422036,26027.139017
BUX,2016.04.13.,26106.969529,26425.897462,26106.969529,26412.02915
BUX,2016.04.14.,26409.75981,26926.609731,26409.617327,26926.609731
BUX,2016.04.15.,26935.828635,27158.484121,26905.479441,27142.260473
BUX,2016.04.18.,27062.332516,27146.093844,26756.58862,27081.719164
BUX,2016.04.19.,27095.022641,27380.847294,27095.022641,27271.781692
BUX,2016.04.20.,27269.453376,27334.946743,27080.24688,27192.031034
BUX,2016.04.21.,27202.889618,27249.27979,26882.883434,27009.945831
BUX,2016.04.22.,26971.310761,27025.143093,26693.906459,26747.08643
BUX,2016.04.25.,26723.63853,26904.605116,26481.054269,26904.605116
BUX,2016.04.26.,26859.615061,26960.405723,26789.708261,26861.115694
BUX,2016.04.27.,26858.146267,27020.544085,26858.146267,26988.762389
BUX,2016.04.28.,26953.302178,27014.825855,26792.545342,26840.750381
BUX,2016.04.29.,26865.344594,27074.994937,26794.999095,26871.594458
BUX,2016.05.02.,26884.307077,27013.401298,26808.139667,26869.013046
BUX,2016.05.03.,26885.632576,26952.696906,26513.957893,26539.157087
BUX,2016.05.04.,26541.45997,26615.392304,26167.815741,26212.154242
BUX,2016.05.05.,26276.202884,26434.435705,26088.851896,26240.142711
BUX,2016.05.06.,26215.412494,26295.460438,26114.726689,26128.844628
BUX,2016.05.09.,26219.853,26639.518092,26219.853,26623.714073
BUX,2016.05.10.,26654.585622,26899.842423,26592.845036,26899.842423
BUX,2016.05.11.,26874.629852,26906.25834,26662.783225,26845.225312
BUX,2016.05.12.,26845.22572,27006.100468,26795.658143,26850.526968
BUX,2016.05.13.,26851.170722,26866.684564,26488.560919,26556.350152
BUX,2016.05.17.,26621.545556,26692.199301,26247.314583,26247.314583
BUX,2016.05.18.,26265.892266,26275.342278,25902.788841,26026.212131
BUX,2016.05.19.,26020.248476,26118.758362,25742.845253,25742.845253
BUX,2016.05.20.,25766.44901,26434.479565,25766.306528,26434.479565
BUX,2016.05.23.,26497.296867,26799.290527,26313.564564,26368.247005
BUX,2016.05.24.,26414.691211,26746.680133,26368.816548,26711.671806
BUX,2016.05.25.,26720.536859,26855.160308,26704.473103,26704.473103
BUX,2016.05.26.,26744.506757,26862.992097,26634.029609,26656.810832
BUX,2016.05.27.,26665.763078,27068.756318,26665.763078,27011.721265
BUX,2016.05.30.,27027.235107,27119.334767,27006.706832,27089.71785
BUX,2016.05.31.,27201.371052,27208.167785,26521.185231,26521.185231
BUX,2016.06.01.,26677.488469,26989.593542,26677.488469,26989.593542
BUX,2016.06.02.,26989.736024,27219.432147,26907.764274,27208.415518
BUX,2016.06.03.,27246.379057,27254.690363,27123.779038,27134.17293
BUX,2016.06.06.,27141.052383,27259.925649,27051.288466,27089.00043
BUX,2016.06.07.,27088.577678,27394.185731,27088.577678,27394.185731
BUX,2016.06.08.,27393.903896,27477.507828,27264.252068,27396.885941
BUX,2016.06.09.,27383.940666,27422.934526,26866.760989,26975.909937
BUX,2016.06.10.,26953.673809,27029.600336,26519.613954,26519.613954
BUX,2016.06.13.,26495.322145,26498.784025,25750.946534,25830.594243
BUX,2016.06.14.,25802.791466,25936.030595,25403.182191,25830.996995
BUX,2016.06.15.,25878.975386,26501.36825,25878.975386,26318.092649
BUX,2016.06.16.,26317.743754,26317.743754,25808.596366,25814.829882
BUX,2016.06.17.,25812.384838,26286.922852,25812.384838,26242.502742
BUX,2016.06.20.,26307.583804,26731.421793,26307.583804,26563.589647
BUX,2016.06.21.,26570.611583,26885.721094,26508.565728,26811.374434
BUX,2016.06.22.,26823.067994,26953.862873,26661.841611,26789.352566
BUX,2016.06.23.,26788.845946,26999.097543,26674.763947,26924.092117
BUX,2016.06.24.,26923.142334,26923.142334,25126.356123,25724.908517
BUX,2016.06.27.,25780.941142,26036.032093,25319.913618,25390.225394
BUX,2016.06.28.,25407.65368,26247.328343,25407.65368,26226.837029
BUX,2016.06.29.,26256.090259,26472.318271,26244.973998,26383.320825
BUX,2016.06.30.,26435.847691,26590.328835,26272.395201,26325.596874
BUX,2016.07.01.,26316.24396,26467.072742,26271.647429,26328.674335
BUX,2016.07.04.,26305.267883,26445.355592,26204.19041,26268.111041
BUX,2016.07.05.,26268.77586,26425.874951,26133.228043,26425.874951
BUX,2016.07.06.,26415.131175,26524.983962,26185.645105,26491.019392
BUX,2016.07.07.,26496.866172,26981.436013,26496.866172,26970.447828
BUX,2016.07.08.,26970.147571,27101.583226,26828.799868,27026.297007
BUX,2016.07.11.,26980.390909,27418.057389,26910.442455,27418.057389
BUX,2016.07.12.,27417.914907,27590.827812,27266.30657,27396.221955
BUX,2016.07.13.,27401.918613,27521.805968,27112.65334,27192.324513
BUX,2016.07.14.,27204.468458,27253.043039,27011.238954,27163.419383
BUX,2016.07.15.,27169.693609,27178.570332,26974.934422,27065.970382
BUX,2016.07.18.,27072.102126,27156.309126,26912.026196,27088.216301
BUX,2016.07.19.,27094.063081,27433.309453,27023.2572,27410.142058
BUX,2016.07.20.,27424.581308,27573.512488,27348.460176,27573.512488
BUX,2016.07.21.,27579.974172,27846.619755,27579.974172,27836.096518
BUX,2016.07.22.,27844.238603,27871.40908,27636.933445,27851.632922
BUX,2016.07.25.,27863.759216,27986.215168,27850.767278,27950.235651
BUX,2016.07.26.,27950.235651,28039.03863,27852.596406,28014.126199
BUX,2016.07.27.,28047.145916,28100.585663,27751.843256,27781.04732
BUX,2016.07.28.,27778.328627,27778.378831,27500.011684,27628.470298
BUX,2016.07.29.,27653.384445,27737.065275,27449.720757,27628.172287
BUX,2016.08.01.,27645.21907,27863.638745,27373.285532,27468.880301
BUX,2016.08.02.,27429.049856,27530.661956,27167.071077,27167.071077
BUX,2016.08.03.,27301.64092,27352.249754,27001.480353,27023.935653
BUX,2016.08.04.,27029.617914,27574.383898,27028.319708,27574.383898
BUX,2016.08.05.,27591.924238,27633.239726,27098.237295,27311.453933
BUX,2016.08.08.,27311.453933,27429.678099,27186.95203,27357.855943
BUX,2016.08.09.,27358.020462,27593.095449,27312.30947,27593.095449
BUX,2016.08.10.,27604.789009,27622.526853,27383.545726,27502.223228
BUX,2016.08.11.,27571.982511,27645.278548,27462.890741,27524.411523
BUX,2016.08.12.,27580.144734,27826.275812,27580.002251,27812.88701
BUX,2016.08.15.,27815.235997,27955.059265,27799.340537,27868.79051
BUX,2016.08.16.,27802.182526,27831.966686,27631.475145,27671.683395
BUX,2016.08.17.,27672.002898,27801.378413,27639.914229,27790.966155
BUX,2016.08.18.,27790.966155,27815.620619,27634.36785,27700.123894
BUX,2016.08.19.,27700.995641,27709.683806,27507.152779,27599.77167
BUX,2016.08.22.,27531.980054,27655.491219,27518.795982,27572.951472
BUX,2016.08.23.,27560.717353,27752.112521,27496.863733,27723.679725
BUX,2016.08.24.,27722.320379,27975.251201,27642.341434,27949.266216
BUX,2016.08.25.,27935.815233,28008.138551,27689.304665,27779.624845
BUX,2016.08.26.,27780.289663,27805.874275,27553.393705,27733.770352
BUX,2016.08.29.,27734.021875,27951.132618,27582.564157,27921.919894
BUX,2016.08.30.,27942.577638,28053.850406,27885.459593,28050.075646
BUX,2016.08.31.,28067.680491,28137.689368,27941.350871,27969.238552
BUX,2016.09.01.,28032.463024,28141.134732,28024.232539,28045.219967
BUX,2016.09.02.,28056.09474,28192.407531,27973.222537,28189.602024
BUX,2016.09.05.,28255.126731,28491.749153,28213.752763,28408.181043
BUX,2016.09.06.,28422.169907,28597.820428,28416.732521,28597.820428
BUX,2016.09.07.,28609.513988,28695.870708,28526.020411,28642.835795
BUX,2016.09.08.,28654.31232,28709.801071,28427.83366,28505.531531
BUX,2016.09.09.,28513.45658,28612.265764,28389.675818,28445.827446
BUX,2016.09.12.,28395.113704,28395.113704,27982.377951,28167.57066
BUX,2016.09.13.,28188.228405,28244.377884,27809.644151,27828.007171
BUX,2016.09.14.,27827.342353,28111.569183,27774.978218,28095.345508
BUX,2016.09.15.,28095.345508,28156.132318,27962.751106,28139.11374
BUX,2016.09.16.,28160.174713,28209.442327,28062.946088,28097.664306
BUX,2016.09.19.,28142.121453,28838.82453,28142.121453,28564.535614
BUX,2016.09.20.,28574.682561,28613.324028,28208.662085,28208.662085
BUX,2016.09.21.,28214.67805,28440.014399,28214.501128,28254.339278
BUX,2016.09.22.,28272.387172,28577.441729,28272.210249,28300.832405
BUX,2016.09.23.,28311.309245,28390.063659,28057.798906,28120.094249
BUX,2016.09.26.,28119.917327,28182.089569,27684.5874,27685.295088
BUX,2016.09.27.,27706.080867,27927.885975,27480.167667,27481.035199
BUX,2016.09.28.,27508.543785,27701.807201,27468.934955,27476.398408
BUX,2016.09.29.,27595.834385,28007.486589,27595.536153,27988.684766
BUX,2016.09.30.,27981.949982,27993.981912,27622.184936,27664.251217
BUX,2016.10.03.,27762.535404,28045.667967,27762.535404,28012.373856
BUX,2016.10.04.,28052.916083,28614.009601,28052.916083,28570.994346
BUX,2016.10.05.,28565.276614,28647.904788,28394.02388,28487.048986
BUX,2016.10.06.,28484.465085,28502.776162,28259.343898,28399.587525
BUX,2016.10.07.,28405.730286,28507.291624,28322.125766,28438.951102
BUX,2016.10.10.,28439.077899,28641.679276,28397.470576,28570.022918
BUX,2016.10.11.,28554.178535,28607.038857,28423.479144,28479.244469
BUX,2016.10.12.,28450.179456,28475.970547,28345.901463,28396.870971
BUX,2016.10.13.,28357.329118,28358.303423,28094.804299,28123.212839
BUX,2016.10.14.,28148.357255,28449.959273,28147.911532,28392.008401
BUX,2016.10.17.,28386.141552,28676.618524,28302.474452,28612.946278
BUX,2016.10.18.,28637.110655,29012.907347,28628.939123,29012.677144
BUX,2016.10.19.,29012.804228,29167.997405,29012.804228,29167.997405
BUX,2016.10.20.,29173.088536,29341.109064,29040.51677,29340.878861
BUX,2016.10.21.,29305.250843,29572.360793,29270.999682,29572.360793
BUX,2016.10.24.,29571.655289,29813.994179,29567.077996,29813.855987
BUX,2016.10.25.,29790.513493,29874.136963,29640.452572,29719.362856
BUX,2016.10.26.,29724.053634,29859.355563,29527.805372,29854.684578
BUX,2016.10.27.,29834.974201,29889.9181,29634.381438,29689.686034
BUX,2016.10.28.,29609.221598,29804.043915,29481.99098,29802.794283
BUX,2016.11.02.,29799.758284,30050.046121,29477.303617,29498.95428
BUX,2016.11.03.,29481.20277,29923.040203,29481.20277,29871.995834
BUX,2016.11.04.,29871.76563,30083.457996,29781.270549,30017.22695
BUX,2016.11.07.,30017.687356,30417.018545,30017.687356,30353.452353
BUX,2016.11.08.,30368.05029,30492.840245,30288.635002,30348.45273
BUX,2016.11.09.,30341.44284,30366.986868,29711.499481,30365.207904
BUX,2016.11.10.,30365.207904,30908.376836,30365.207904,30540.31511
BUX,2016.11.11.,30543.256964,30816.896988,30450.162617,30502.149642
BUX,2016.11.14.,30502.596991,30649.988145,30121.013552,30122.884966
BUX,2016.11.15.,30122.139385,30281.82224,30039.622446,30133.012232
BUX,2016.11.16.,30133.012232,30229.334756,29849.127525,29972.82641
BUX,2016.11.17.,29977.017146,30325.951931,29750.831232,29941.071764
BUX,2016.11.18.,29956.563772,30109.015537,29819.592789,30109.015537
BUX,2016.11.21.,30111.746373,30190.21381,30045.696364,30103.565859
BUX,2016.11.22.,30151.664842,30275.414487,30089.531357,30240.375568
BUX,2016.11.23.,30228.621368,30301.790521,30028.343042,30156.289303
BUX,2016.11.24.,30191.790174,30227.351071,30070.424412,30158.580426
BUX,2016.11.25.,30230.79847,30241.171819,29973.91781,29979.962087
BUX,2016.11.28.,29944.461216,30062.610604,29850.383647,30002.504204
BUX,2016.11.29.,29921.944535,30100.40908,29816.275608,29816.303414
BUX,2016.11.30.,29841.92032,30126.895187,29831.44348,30014.041814
BUX,2016.12.01.,30043.527071,30198.975153,29971.559012,29998.191838
BUX,2016.12.02.,29993.277629,29996.712017,29782.018953,29808.485503
BUX,2016.12.05.,29794.788972,30124.490604,29747.365374,30100.000012
BUX,2016.12.06.,30058.500074,30169.96643,30054.274114,30075.711263
BUX,2016.12.07.,30149.627738,30317.835371,30069.471861,30152.005881
BUX,2016.12.08.,30208.012101,30629.479359,30198.529522,30629.479359
BUX,2016.12.09.,30633.165016,30659.230974,30399.758042,30588.383443
BUX,2016.12.12.,30542.927007,30616.193915,30435.344323,30613.15286
BUX,2016.12.13.,30611.741852,30938.128228,30566.784722,30938.128228
BUX,2016.12.14.,30914.785733,31425.77738,30888.927516,31374.279739
BUX,2016.12.15.,31312.146618,31641.238066,31154.388358,31636.19023
BUX,2016.12.16.,31595.648003,31969.546859,31549.994716,31876.257166
BUX,2016.12.19.,31797.106768,31853.121071,31646.099412,31646.3832
BUX,2016.12.20.,31646.3832,31823.972187,31573.1298,31713.501097
BUX,2016.12.21.,31713.551931,31828.782534,31696.139844,31765.300615
BUX,2016.12.22.,31738.865659,31786.857601,31643.040114,31700.8508
BUX,2016.12.23.,31699.758673,31747.817108,31545.386618,31638.812582
BUX,2016.12.27.,31638.831502,31963.776589,31611.091288,31868.507681
BUX,2016.12.28.,31868.752778,32040.669029,31838.205786,32025.601823
BUX,2016.12.29.,32025.333022,32025.333022,31833.129524,31847.868232
BUX,2016.12.30.,31871.210727,32005.754485,31843.390552,32003.047311
BUX,2017.01.02.,32002.749078,32117.371393,31816.546308,32099.053584
BUX,2017.01.03.,32111.085513,32236.095117,32040.2474,32169.130248
BUX,2017.01.04.,32182.122419,32649.042273,32181.676696,32649.042273
BUX,2017.01.05.,32649.191389,32844.275767,32570.4827,32749.996822
BUX,2017.01.06.,32762.4761,32874.58509,32671.118141,32855.865533
BUX,2017.01.09.,32856.611114,32887.522067,32694.309049,32854.25949
BUX,2017.01.10.,32843.075722,33063.72303,32809.413931,33031.534712
BUX,2017.01.11.,33043.566642,33134.320306,32942.811583,32972.200465
BUX,2017.01.12.,32972.218421,33043.077002,32936.978063,32966.422232
BUX,2017.01.13.,32966.253469,33069.549121,32853.266217,32949.771999
BUX,2017.01.16.,32926.695107,33093.952737,32908.889716,32996.943142
BUX,2017.01.17.,32996.993976,33085.319149,32779.484036,32782.255919
BUX,2017.01.18.,32782.179949,32887.948023,32722.435163,32841.253496
BUX,2017.01.19.,32896.733952,32896.733952,32647.434781,32709.083509
BUX,2017.01.20.,32710.448927,32940.834961,32705.874203,32881.920343
BUX,2017.01.23.,32881.962739,33127.952103,32765.860504,32906.47716
BUX,2017.01.24.,32906.47716,32992.492794,32641.456628,32690.234953
BUX,2017.01.25.,32721.076134,32955.341649,32678.539707,32807.714317
BUX,2017.01.26.,32813.214587,32941.880459,32788.946269,32918.465067
BUX,2017.01.27.,32924.481031,32952.273339,32691.652065,32714.578766
BUX,2017.01.30.,32694.32358,32782.298121,32476.712688,32476.712688
BUX,2017.01.31.,32479.577151,32658.008052,32423.805395,32481.293983
BUX,2017.02.01.,32486.628855,32664.758445,32486.628855,32584.177108
BUX,2017.02.02.,32583.634794,32676.802804,32526.127041,32575.161192
BUX,2017.02.03.,32591.587325,32905.890418,32567.581439,32905.890418
BUX,2017.02.06.,32936.208629,32964.87167,32388.911331,32388.911331
BUX,2017.02.07.,32424.270548,32623.672958,32372.66224,32539.533828
BUX,2017.02.08.,32539.789448,32659.145636,32456.139428,32595.916129
BUX,2017.02.09.,32598.280298,32954.066285,32598.280298,32949.082691
BUX,2017.02.10.,32954.346672,33207.121616,32954.346672,33156.086848
BUX,2017.02.13.,33193.631133,33356.193864,33163.549896,33356.193864
BUX,2017.02.14.,33369.867828,33724.518066,33254.06868,33724.518066
BUX,2017.02.15.,33696.747786,34022.135696,33694.133596,33981.500428
BUX,2017.02.16.,33929.90123,33989.084453,33594.19126,33745.023495
BUX,2017.02.17.,33685.916401,33925.474373,33610.486009,33828.856727
BUX,2017.02.20.,33860.050199,33989.918274,33820.596574,33973.591956
BUX,2017.02.21.,33982.537013,34324.987186,33919.1754,34324.987186
BUX,2017.02.22.,34311.581253,34326.036944,34110.514893,34112.890141
BUX,2017.02.23.,34112.890141,34112.890141,33449.768151,33548.541005
BUX,2017.02.24.,33523.432502,33550.740864,32749.653177,32886.032767
BUX,2017.02.27.,32934.352979,33102.845222,32871.074043,32872.112839
BUX,2017.02.28.,32802.965694,32833.340078,32061.327192,32061.327192
BUX,2017.03.01.,32060.722987,33343.051688,32060.19222,33343.051688
BUX,2017.03.02.,33396.072791,33544.155205,33020.282074,33155.186638
BUX,2017.03.03.,33017.954217,33232.271565,32838.650975,33193.806079
BUX,2017.03.06.,33192.994953,33233.105178,32972.185283,33181.490056
BUX,2017.03.07.,33209.06722,33272.541697,32439.38822,32442.199093
BUX,2017.03.08.,32431.268919,32699.076452,32318.114698,32547.368736
BUX,2017.03.09.,32598.507991,32986.857421,32427.450482,32986.857421
BUX,2017.03.10.,32954.73629,33057.101348,32696.042688,32727.243005
BUX,2017.03.13.,32686.970606,32791.989813,32512.936535,32686.299158
BUX,2017.03.14.,32763.977879,32890.130602,32618.106964,32636.1765
BUX,2017.03.16.,32849.074008,33227.323643,32848.707108,33049.440984
BUX,2017.03.17.,33049.210781,33072.69169,32706.820532,32778.000869
BUX,2017.03.20.,32728.773177,32835.085365,32204.329233,32357.877691
BUX,2017.03.21.,32326.535176,32525.147723,31932.154171,32044.127615
