Név,Dátum,Utolsó ár,Mennyiség
ANY,2014.11.05.,892.0,5550.0
ANY,2014.11.06.,890.0,12285.0
ANY,2014.11.07.,880.0,6482.0
ANY,2014.11.10.,885.0,4455.0
ANY,2014.11.11.,889.0,4932.0
ANY,2014.11.12.,895.0,2277.0
ANY,2014.11.13.,887.0,1582.0
ANY,2014.11.14.,879.0,1011.0
ANY,2014.11.17.,888.0,30966.0
ANY,2014.11.18.,896.0,6131.0
ANY,2014.11.19.,890.0,531.0
ANY,2014.11.20.,897.0,22674.0
ANY,2014.11.21.,886.0,1412.0
ANY,2014.11.24.,888.0,7814.0
ANY,2014.11.25.,861.0,46065.0
ANY,2014.11.26.,865.0,2757.0
ANY,2014.11.27.,870.0,1970.0
ANY,2014.11.28.,867.0,228.0
ANY,2014.12.01.,870.0,1787.0
ANY,2014.12.02.,873.0,21698.0
ANY,2014.12.03.,875.0,4631.0
ANY,2014.12.04.,874.0,18816.0
ANY,2014.12.05.,890.0,52313.0
ANY,2014.12.08.,890.0,11499.0
ANY,2014.12.09.,890.0,9128.0
ANY,2014.12.10.,880.0,4710.0
ANY,2014.12.11.,874.0,7225.0
ANY,2014.12.12.,885.0,5.0
ANY,2014.12.15.,880.0,2112.0
ANY,2014.12.16.,865.0,6952.0
ANY,2014.12.17.,865.0,6362.0
ANY,2014.12.18.,870.0,8183.0
ANY,2014.12.19.,864.0,15761.0
ANY,2014.12.22.,879.0,972.0
ANY,2014.12.23.,868.0,32927.0
ANY,2014.12.29.,879.0,6130.0
ANY,2014.12.30.,880.0,4002.0
ANY,2015.01.05.,850.0,31269.0
ANY,2015.01.06.,848.0,12843.0
ANY,2015.01.07.,849.0,2030.0
ANY,2015.01.08.,858.0,13839.0
ANY,2015.01.09.,869.0,7008.0
ANY,2015.01.12.,855.0,13564.0
ANY,2015.01.13.,890.0,25770.0
ANY,2015.01.14.,886.0,16530.0
ANY,2015.01.15.,873.0,7041.0
ANY,2015.01.16.,869.0,33650.0
ANY,2015.01.19.,870.0,1308.0
ANY,2015.01.20.,851.0,52603.0
ANY,2015.01.21.,855.0,2244.0
ANY,2015.01.22.,869.0,10627.0
ANY,2015.01.23.,870.0,1907.0
ANY,2015.01.26.,860.0,13434.0
ANY,2015.01.27.,858.0,3558.0
ANY,2015.01.28.,859.0,18359.0
ANY,2015.01.29.,860.0,11669.0
ANY,2015.01.30.,858.0,2700.0
ANY,2015.02.02.,860.0,5935.0
ANY,2015.02.03.,865.0,7488.0
ANY,2015.02.04.,864.0,12939.0
ANY,2015.02.05.,860.0,4325.0
ANY,2015.02.06.,870.0,4857.0
ANY,2015.02.09.,872.0,6559.0
ANY,2015.02.10.,886.0,11128.0
ANY,2015.02.11.,871.0,7786.0
ANY,2015.02.12.,880.0,7127.0
ANY,2015.02.13.,880.0,8050.0
ANY,2015.02.16.,882.0,4023.0
ANY,2015.02.17.,880.0,3350.0
ANY,2015.02.18.,897.0,37329.0
ANY,2015.02.19.,890.0,4649.0
ANY,2015.02.20.,899.0,27123.0
ANY,2015.02.23.,900.0,11341.0
ANY,2015.02.24.,900.0,8893.0
ANY,2015.02.25.,909.0,7924.0
ANY,2015.02.26.,915.0,13413.0
ANY,2015.02.27.,918.0,8218.0
ANY,2015.03.02.,920.0,12926.0
ANY,2015.03.03.,920.0,6459.0
ANY,2015.03.04.,917.0,2138.0
ANY,2015.03.05.,913.0,8427.0
ANY,2015.03.06.,923.0,2201.0
ANY,2015.03.09.,934.0,16692.0
ANY,2015.03.10.,960.0,83209.0
ANY,2015.03.11.,950.0,39995.0
ANY,2015.03.12.,950.0,11886.0
ANY,2015.03.13.,955.0,21561.0
ANY,2015.03.16.,950.0,52510.0
ANY,2015.03.17.,950.0,15721.0
ANY,2015.03.18.,950.0,25382.0
ANY,2015.03.19.,954.0,3948.0
ANY,2015.03.20.,950.0,27742.0
ANY,2015.03.23.,955.0,13040.0
ANY,2015.03.24.,958.0,11741.0
ANY,2015.03.25.,954.0,18497.0
ANY,2015.03.26.,960.0,4908.0
ANY,2015.03.27.,960.0,3049.0
ANY,2015.03.30.,960.0,14704.0
ANY,2015.03.31.,960.0,44542.0
ANY,2015.04.01.,962.0,14860.0
ANY,2015.04.02.,968.0,16108.0
ANY,2015.04.07.,980.0,29617.0
ANY,2015.04.08.,985.0,20514.0
ANY,2015.04.09.,999.0,17210.0
ANY,2015.04.10.,1002.0,43093.0
ANY,2015.04.13.,1010.0,17294.0
ANY,2015.04.14.,998.0,22095.0
ANY,2015.04.15.,999.0,10856.0
ANY,2015.04.16.,1009.0,16228.0
ANY,2015.04.17.,1015.0,48402.0
ANY,2015.04.20.,1015.0,14774.0
ANY,2015.04.21.,1056.0,72384.0
ANY,2015.04.22.,1080.0,52047.0
ANY,2015.04.23.,1108.0,50429.0
ANY,2015.04.24.,1120.0,35805.0
ANY,2015.04.27.,1138.0,35347.0
ANY,2015.04.28.,1120.0,27968.0
ANY,2015.04.29.,1134.0,60691.0
ANY,2015.04.30.,1129.0,14225.0
ANY,2015.05.04.,1137.0,13083.0
ANY,2015.05.05.,1120.0,5866.0
ANY,2015.05.06.,1101.0,30169.0
ANY,2015.05.07.,1125.0,7367.0
ANY,2015.05.08.,1125.0,18289.0
ANY,2015.05.11.,1115.0,25169.0
ANY,2015.05.12.,1115.0,41506.0
ANY,2015.05.13.,1110.0,29284.0
ANY,2015.05.14.,1108.0,16993.0
ANY,2015.05.15.,1098.0,505368.0
ANY,2015.05.18.,1116.0,24179.0
ANY,2015.05.19.,1119.0,15119.0
ANY,2015.05.20.,1109.0,47828.0
ANY,2015.05.21.,1042.0,53904.0
ANY,2015.05.22.,1015.0,22940.0
ANY,2015.05.26.,989.0,113430.0
ANY,2015.05.27.,1001.0,18721.0
ANY,2015.05.28.,1010.0,6385.0
ANY,2015.05.29.,1014.0,3378.0
ANY,2015.06.01.,1024.0,46126.0
ANY,2015.06.02.,1030.0,14100.0
ANY,2015.06.03.,1023.0,7321.0
ANY,2015.06.04.,1015.0,12124.0
ANY,2015.06.05.,1017.0,3217.0
ANY,2015.06.08.,1007.0,3442.0
ANY,2015.06.09.,1006.0,1499.0
ANY,2015.06.10.,1006.0,3101.0
ANY,2015.06.11.,1014.0,2200.0
ANY,2015.06.12.,1006.0,3659.0
ANY,2015.06.15.,1000.0,14437.0
ANY,2015.06.16.,990.0,8776.0
ANY,2015.06.17.,974.0,5852.0
ANY,2015.06.18.,960.0,8588.0
ANY,2015.06.19.,960.0,7492.0
ANY,2015.06.22.,984.0,15314.0
ANY,2015.06.23.,969.0,3136.0
ANY,2015.06.24.,970.0,916.0
ANY,2015.06.25.,960.0,19545.0
ANY,2015.06.26.,955.0,9074.0
ANY,2015.06.29.,952.0,7720.0
ANY,2015.06.30.,959.0,6750.0
ANY,2015.07.01.,946.0,10585.0
ANY,2015.07.02.,934.0,14166.0
ANY,2015.07.03.,921.0,157565.0
ANY,2015.07.06.,939.0,11223.0
ANY,2015.07.07.,940.0,91870.0
ANY,2015.07.08.,943.0,7631.0
ANY,2015.07.09.,955.0,4152.0
ANY,2015.07.10.,955.0,10915.0
ANY,2015.07.13.,969.0,2546.0
ANY,2015.07.14.,992.0,142716.0
ANY,2015.07.15.,990.0,13134.0
ANY,2015.07.16.,1020.0,4933.0
ANY,2015.07.17.,1017.0,3596.0
ANY,2015.07.20.,1005.0,3453.0
ANY,2015.07.21.,1015.0,2307.0
ANY,2015.07.22.,1000.0,10531.0
ANY,2015.07.23.,1015.0,2619.0
ANY,2015.07.24.,1019.0,347.0
ANY,2015.07.27.,1015.0,3263.0
ANY,2015.07.28.,1018.0,1063.0
ANY,2015.07.29.,1010.0,8162.0
ANY,2015.07.30.,1005.0,1590.0
ANY,2015.07.31.,1015.0,528.0
ANY,2015.08.03.,1015.0,467.0
ANY,2015.08.04.,1014.0,312.0
ANY,2015.08.05.,1010.0,1521.0
ANY,2015.08.06.,1016.0,3075.0
ANY,2015.08.07.,1016.0,800.0
ANY,2015.08.10.,1016.0,2005.0
ANY,2015.08.11.,1015.0,330.0
ANY,2015.08.12.,1005.0,4402.0
ANY,2015.08.13.,1014.0,2235.0
ANY,2015.08.14.,1014.0,1508.0
ANY,2015.08.17.,1016.0,3310.0
ANY,2015.08.18.,1018.0,2581.0
ANY,2015.08.19.,1015.0,1509.0
ANY,2015.08.24.,985.0,17730.0
ANY,2015.08.25.,987.0,13425.0
ANY,2015.08.26.,1003.0,4913.0
ANY,2015.08.27.,1000.0,9704.0
ANY,2015.08.28.,975.0,29723.0
ANY,2015.08.31.,970.0,3715.0
ANY,2015.09.01.,945.0,20507.0
ANY,2015.09.02.,950.0,3509.0
ANY,2015.09.03.,975.0,70339.0
ANY,2015.09.04.,974.0,1449.0
ANY,2015.09.07.,970.0,661.0
ANY,2015.09.08.,954.0,6927.0
ANY,2015.09.09.,969.0,1556.0
ANY,2015.09.10.,967.0,1773.0
ANY,2015.09.11.,960.0,3684.0
ANY,2015.09.14.,960.0,3004.0
ANY,2015.09.15.,949.0,4383.0
ANY,2015.09.16.,948.0,2382.0
ANY,2015.09.17.,949.0,1357.0
ANY,2015.09.18.,959.0,2968.0
ANY,2015.09.21.,955.0,3458.0
ANY,2015.09.22.,951.0,1507.0
ANY,2015.09.23.,941.0,3097.0
ANY,2015.09.24.,932.0,8460.0
ANY,2015.09.25.,951.0,1249.0
ANY,2015.09.28.,940.0,2280.0
ANY,2015.09.29.,935.0,1067.0
ANY,2015.09.30.,931.0,5365.0
ANY,2015.10.01.,937.0,3316.0
ANY,2015.10.02.,948.0,487.0
ANY,2015.10.05.,940.0,14245.0
ANY,2015.10.06.,940.0,352.0
ANY,2015.10.07.,940.0,2322.0
ANY,2015.10.08.,950.0,5698.0
ANY,2015.10.09.,958.0,5130.0
ANY,2015.10.12.,953.0,635.0
ANY,2015.10.13.,958.0,661.0
ANY,2015.10.14.,953.0,402.0
ANY,2015.10.15.,950.0,709.0
ANY,2015.10.16.,948.0,480.0
ANY,2015.10.19.,948.0,11198.0
ANY,2015.10.20.,942.0,695.0
ANY,2015.10.21.,942.0,831.0
ANY,2015.10.22.,950.0,469.0
ANY,2015.10.26.,953.0,287.0
ANY,2015.10.27.,950.0,678.0
ANY,2015.10.28.,945.0,645.0
ANY,2015.10.29.,945.0,6924.0
ANY,2015.10.30.,940.0,1293.0
ANY,2015.11.02.,950.0,1250.0
ANY,2015.11.03.,947.0,2459.0
ANY,2015.11.04.,945.0,7197.0
ANY,2015.11.05.,950.0,100064.0
ANY,2015.11.06.,963.0,26315.0
ANY,2015.11.09.,988.0,34438.0
ANY,2015.11.10.,980.0,14001.0
ANY,2015.11.11.,998.0,2255.0
ANY,2015.11.12.,991.0,2772.0
ANY,2015.11.13.,990.0,946.0
ANY,2015.11.16.,984.0,10406.0
ANY,2015.11.17.,980.0,9958.0
ANY,2015.11.18.,994.0,57360.0
ANY,2015.11.19.,995.0,8160.0
ANY,2015.11.20.,991.0,6775.0
ANY,2015.11.23.,990.0,6716.0
ANY,2015.11.24.,1000.0,47463.0
ANY,2015.11.25.,999.0,4140.0
ANY,2015.11.26.,1000.0,7635.0
ANY,2015.11.27.,1001.0,3829.0
ANY,2015.11.30.,998.0,8436.0
ANY,2015.12.01.,1000.0,1936.0
ANY,2015.12.02.,993.0,6861.0
ANY,2015.12.03.,1000.0,12799.0
ANY,2015.12.04.,1000.0,128911.0
ANY,2015.12.07.,1004.0,5367.0
ANY,2015.12.08.,1001.0,6175.0
ANY,2015.12.09.,995.0,196.0
ANY,2015.12.10.,1000.0,3765.0
ANY,2015.12.11.,998.0,4584.0
ANY,2015.12.14.,1000.0,1250.0
ANY,2015.12.15.,1000.0,52448.0
ANY,2015.12.16.,996.0,1211.0
ANY,2015.12.17.,1000.0,3914.0
ANY,2015.12.18.,999.0,3373.0
ANY,2015.12.21.,995.0,37808.0
ANY,2015.12.22.,995.0,2250.0
ANY,2015.12.23.,995.0,2167.0
ANY,2015.12.28.,995.0,3229.0
ANY,2015.12.29.,995.0,13366.0
ANY,2015.12.30.,1020.0,21663.0
ANY,2016.01.04.,1007.0,1642.0
ANY,2016.01.05.,1019.0,1485.0
ANY,2016.01.06.,1017.0,6905.0
ANY,2016.01.07.,1004.0,21614.0
ANY,2016.01.08.,1000.0,9679.0
ANY,2016.01.11.,1005.0,81827.0
ANY,2016.01.12.,1005.0,1229.0
ANY,2016.01.13.,1018.0,9511.0
ANY,2016.01.14.,1020.0,17796.0
ANY,2016.01.15.,1020.0,2589.0
ANY,2016.01.18.,1025.0,16099.0
ANY,2016.01.19.,1020.0,6645.0
ANY,2016.01.20.,1000.0,85340.0
ANY,2016.01.21.,1000.0,19713.0
ANY,2016.01.22.,1026.0,43415.0
ANY,2016.01.25.,1011.0,2096.0
ANY,2016.01.26.,1019.0,427.0
ANY,2016.01.27.,1011.0,9950.0
ANY,2016.01.28.,1024.0,1050.0
ANY,2016.01.29.,1025.0,1240.0
ANY,2016.02.01.,1027.0,21178.0
ANY,2016.02.02.,1018.0,137.0
ANY,2016.02.03.,1006.0,12601.0
ANY,2016.02.04.,1017.0,3054.0
ANY,2016.02.05.,1010.0,7982.0
ANY,2016.02.08.,1002.0,7340.0
ANY,2016.02.09.,1000.0,10744.0
ANY,2016.02.10.,1001.0,31751.0
ANY,2016.02.11.,1002.0,1511.0
ANY,2016.02.12.,1002.0,1926.0
ANY,2016.02.15.,1006.0,56675.0
ANY,2016.02.16.,1011.0,80.0
ANY,2016.02.17.,1001.0,7800.0
ANY,2016.02.18.,1006.0,5227.0
ANY,2016.02.19.,1011.0,42934.0
ANY,2016.02.22.,1021.0,9721.0
ANY,2016.02.23.,1025.0,9070.0
ANY,2016.02.24.,1025.0,5778.0
ANY,2016.02.25.,1034.0,14260.0
ANY,2016.02.26.,1053.0,17267.0
ANY,2016.02.29.,1053.0,2834.0
ANY,2016.03.01.,1066.0,10358.0
ANY,2016.03.02.,1094.0,37051.0
ANY,2016.03.03.,1085.0,32254.0
ANY,2016.03.04.,1090.0,35141.0
ANY,2016.03.07.,1090.0,9489.0
ANY,2016.03.08.,1089.0,8365.0
ANY,2016.03.09.,1086.0,16114.0
ANY,2016.03.10.,1090.0,3876.0
ANY,2016.03.11.,1097.0,6382.0
ANY,2016.03.16.,1100.0,29913.0
ANY,2016.03.17.,1114.0,34603.0
ANY,2016.03.18.,1100.0,64382.0
ANY,2016.03.21.,1090.0,23106.0
ANY,2016.03.22.,1092.0,9276.0
ANY,2016.03.23.,1090.0,10045.0
ANY,2016.03.24.,1087.0,16781.0
ANY,2016.03.29.,1094.0,4928.0
ANY,2016.03.30.,1094.0,24849.0
ANY,2016.03.31.,1092.0,26547.0
ANY,2016.04.01.,1100.0,18631.0
ANY,2016.04.04.,1105.0,8073.0
ANY,2016.04.05.,1097.0,8417.0
ANY,2016.04.06.,1104.0,15308.0
ANY,2016.04.07.,1104.0,16904.0
ANY,2016.04.08.,1103.0,2312.0
ANY,2016.04.11.,1104.0,10898.0
ANY,2016.04.12.,1100.0,14112.0
ANY,2016.04.13.,1089.0,32833.0
ANY,2016.04.14.,1097.0,26205.0
ANY,2016.04.15.,1095.0,13516.0
ANY,2016.04.18.,1100.0,5025.0
ANY,2016.04.19.,1096.0,5691.0
ANY,2016.04.20.,1088.0,9145.0
ANY,2016.04.21.,1096.0,4898.0
ANY,2016.04.22.,1100.0,29742.0
ANY,2016.04.25.,1110.0,31941.0
ANY,2016.04.26.,1110.0,20349.0
ANY,2016.04.27.,1110.0,11959.0
ANY,2016.04.28.,1114.0,11458.0
ANY,2016.04.29.,1113.0,1557.0
ANY,2016.05.02.,1110.0,8143.0
ANY,2016.05.03.,1112.0,8703.0
ANY,2016.05.04.,1110.0,11230.0
ANY,2016.05.05.,1113.0,13228.0
ANY,2016.05.06.,1116.0,11126.0
ANY,2016.05.09.,1115.0,9181.0
ANY,2016.05.10.,1120.0,87877.0
ANY,2016.05.11.,1127.0,4691.0
ANY,2016.05.12.,1123.0,1381.0
ANY,2016.05.13.,1125.0,7053.0
ANY,2016.05.17.,1125.0,15442.0
ANY,2016.05.18.,1130.0,16120.0
ANY,2016.05.19.,1122.0,6116.0
ANY,2016.05.20.,1125.0,8026.0
ANY,2016.05.23.,1123.0,121088.0
ANY,2016.05.24.,1123.0,5343.0
ANY,2016.05.25.,1118.0,22044.0
ANY,2016.05.26.,1119.0,7406.0
ANY,2016.05.27.,1121.0,5651.0
ANY,2016.05.30.,1120.0,8348.0
ANY,2016.05.31.,1115.0,7437.0
ANY,2016.06.01.,1120.0,13660.0
ANY,2016.06.02.,1120.0,6675.0
ANY,2016.06.03.,1122.0,7175.0
ANY,2016.06.06.,1125.0,9619.0
ANY,2016.06.07.,1124.0,28049.0
ANY,2016.06.08.,1120.0,14167.0
ANY,2016.06.09.,1122.0,6882.0
ANY,2016.06.10.,1116.0,19631.0
ANY,2016.06.13.,1100.0,18576.0
ANY,2016.06.14.,1085.0,27834.0
ANY,2016.06.15.,1113.0,48602.0
ANY,2016.06.16.,1118.0,4486.0
ANY,2016.06.17.,1114.0,10273.0
ANY,2016.06.20.,1113.0,5129.0
ANY,2016.06.21.,1111.0,20778.0
ANY,2016.06.22.,1114.0,31687.0
ANY,2016.06.23.,1108.0,8859.0
ANY,2016.06.24.,1092.0,59196.0
ANY,2016.06.27.,1019.0,18464.0
ANY,2016.06.28.,1015.0,5054.0
ANY,2016.06.29.,1015.0,6144.0
ANY,2016.06.30.,1011.0,3654.0
ANY,2016.07.01.,1000.0,16918.0
ANY,2016.07.04.,984.0,14874.0
ANY,2016.07.05.,992.0,7080.0
ANY,2016.07.06.,1000.0,6082.0
ANY,2016.07.07.,1013.0,7784.0
ANY,2016.07.08.,1030.0,33266.0
ANY,2016.07.11.,1025.0,4538.0
ANY,2016.07.12.,1030.0,4066.0
ANY,2016.07.13.,1026.0,1120.0
ANY,2016.07.14.,1030.0,2424.0
ANY,2016.07.15.,1020.0,1613.0
ANY,2016.07.18.,1011.0,3743.0
ANY,2016.07.19.,1025.0,151.0
ANY,2016.07.20.,1026.0,13950.0
ANY,2016.07.21.,1028.0,6293.0
ANY,2016.07.22.,1030.0,9298.0
ANY,2016.07.25.,1034.0,2467.0
ANY,2016.07.26.,1037.0,5088.0
ANY,2016.07.27.,1037.0,788.0
ANY,2016.07.28.,1038.0,14106.0
ANY,2016.07.29.,1050.0,16670.0
ANY,2016.08.01.,1050.0,5181.0
ANY,2016.08.02.,1042.0,11748.0
ANY,2016.08.03.,1040.0,9993.0
ANY,2016.08.04.,1041.0,1000.0
ANY,2016.08.05.,1038.0,6501.0
ANY,2016.08.08.,1035.0,7013.0
ANY,2016.08.09.,1035.0,7716.0
ANY,2016.08.10.,1035.0,2140.0
ANY,2016.08.11.,1035.0,1459.0
ANY,2016.08.12.,1033.0,3308.0
ANY,2016.08.15.,1040.0,3577.0
ANY,2016.08.16.,1056.0,13562.0
ANY,2016.08.17.,1050.0,70832.0
ANY,2016.08.18.,1050.0,129999.0
ANY,2016.08.19.,1055.0,3873.0
ANY,2016.08.22.,1050.0,36236.0
ANY,2016.08.23.,1058.0,9648.0
ANY,2016.08.24.,1054.0,2139.0
ANY,2016.08.25.,1059.0,3312.0
ANY,2016.08.26.,1077.0,27519.0
ANY,2016.08.29.,1075.0,12581.0
ANY,2016.08.30.,1074.0,6175.0
ANY,2016.08.31.,1083.0,31966.0
ANY,2016.09.01.,1085.0,5330.0
ANY,2016.09.02.,1093.0,5079.0
ANY,2016.09.05.,1087.0,10340.0
ANY,2016.09.06.,1092.0,4514.0
ANY,2016.09.07.,1088.0,2637.0
ANY,2016.09.08.,1093.0,3120.0
ANY,2016.09.09.,1093.0,898.0
ANY,2016.09.12.,1084.0,7930.0
ANY,2016.09.13.,1084.0,7960.0
ANY,2016.09.14.,1084.0,1466.0
ANY,2016.09.15.,1078.0,5568.0
ANY,2016.09.16.,1071.0,16211.0
ANY,2016.09.19.,1075.0,12701.0
ANY,2016.09.20.,1075.0,2165.0
ANY,2016.09.21.,1075.0,1527.0
ANY,2016.09.22.,1075.0,3691.0
ANY,2016.09.23.,1079.0,1308.0
ANY,2016.09.26.,1075.0,2660.0
ANY,2016.09.27.,1072.0,1110.0
ANY,2016.09.28.,1064.0,7405.0
ANY,2016.09.29.,1065.0,7087.0
ANY,2016.09.30.,1057.0,7404.0
ANY,2016.10.03.,1058.0,13940.0
ANY,2016.10.04.,1063.0,2565.0
ANY,2016.10.05.,1063.0,2626.0
ANY,2016.10.06.,1068.0,3550.0
ANY,2016.10.07.,1068.0,20.0
ANY,2016.10.10.,1069.0,1706.0
ANY,2016.10.11.,1065.0,2478.0
ANY,2016.10.12.,1066.0,2676.0
ANY,2016.10.13.,1064.0,2283.0
ANY,2016.10.14.,1059.0,7647.0
ANY,2016.10.17.,1065.0,4276.0
ANY,2016.10.18.,1060.0,1099.0
ANY,2016.10.19.,1070.0,8083.0
ANY,2016.10.20.,1065.0,7867.0
ANY,2016.10.21.,1070.0,9727.0
ANY,2016.10.24.,1067.0,9674.0
ANY,2016.10.25.,1066.0,1843.0
ANY,2016.10.26.,1064.0,2749.0
ANY,2016.10.27.,1065.0,4741.0
ANY,2016.10.28.,1065.0,6688.0
ANY,2016.11.02.,1072.0,4551.0
ANY,2016.11.03.,1066.0,1751.0
ANY,2016.11.04.,1068.0,1537.0
ANY,2016.11.07.,1074.0,11281.0
ANY,2016.11.08.,1066.0,4868.0
ANY,2016.11.09.,1063.0,13298.0
ANY,2016.11.10.,1070.0,27325.0
ANY,2016.11.11.,1070.0,39091.0
ANY,2016.11.14.,1070.0,81421.0
ANY,2016.11.15.,1067.0,931.0
ANY,2016.11.16.,1074.0,5042.0
ANY,2016.11.17.,1073.0,9501.0
ANY,2016.11.18.,1073.0,39317.0
ANY,2016.11.21.,1073.0,126323.0
ANY,2016.11.22.,1078.0,32356.0
ANY,2016.11.23.,1072.0,22908.0
ANY,2016.11.24.,1072.0,15017.0
ANY,2016.11.25.,1079.0,9358.0
ANY,2016.11.28.,1074.0,8331.0
ANY,2016.11.29.,1074.0,2942.0
ANY,2016.11.30.,1075.0,9260.0
ANY,2016.12.01.,1075.0,50859.0
ANY,2016.12.02.,1074.0,23130.0
ANY,2016.12.05.,1074.0,19657.0
ANY,2016.12.06.,1075.0,35614.0
ANY,2016.12.07.,1081.0,5243.0
ANY,2016.12.08.,1089.0,15865.0
ANY,2016.12.09.,1088.0,35638.0
ANY,2016.12.12.,1085.0,5231.0
ANY,2016.12.13.,1093.0,18347.0
ANY,2016.12.14.,1105.0,23191.0
ANY,2016.12.15.,1109.0,16660.0
ANY,2016.12.16.,1115.0,18700.0
ANY,2016.12.19.,1113.0,6461.0
ANY,2016.12.20.,1120.0,15931.0
ANY,2016.12.21.,1126.0,10703.0
ANY,2016.12.22.,1135.0,21204.0
ANY,2016.12.23.,1134.0,7671.0
ANY,2016.12.27.,1135.0,4157.0
ANY,2016.12.28.,1135.0,11177.0
ANY,2016.12.29.,1133.0,9350.0
ANY,2016.12.30.,1137.0,5581.0
ANY,2017.01.02.,1134.0,9568.0
ANY,2017.01.03.,1144.0,13354.0
ANY,2017.01.04.,1164.0,35632.0
ANY,2017.01.05.,1177.0,40187.0
ANY,2017.01.06.,1181.0,22481.0
ANY,2017.01.09.,1195.0,49190.0
ANY,2017.01.10.,1205.0,55778.0
ANY,2017.01.11.,1228.0,52185.0
ANY,2017.01.12.,1218.0,43699.0
ANY,2017.01.13.,1207.0,16216.0
ANY,2017.01.16.,1209.0,17080.0
ANY,2017.01.17.,1201.0,11210.0
ANY,2017.01.18.,1205.0,6566.0
ANY,2017.01.19.,1210.0,3738.0
ANY,2017.01.20.,1210.0,10793.0
ANY,2017.01.23.,1210.0,3874.0
ANY,2017.01.24.,1207.0,4080.0
ANY,2017.01.25.,1209.0,12675.0
ANY,2017.01.26.,1207.0,10083.0
ANY,2017.01.27.,1209.0,12935.0
ANY,2017.01.30.,1208.0,12543.0
ANY,2017.01.31.,1211.0,3229.0
ANY,2017.02.01.,1205.0,51345.0
ANY,2017.02.02.,1203.0,2264.0
ANY,2017.02.03.,1203.0,753.0
ANY,2017.02.06.,1204.0,6380.0
ANY,2017.02.07.,1213.0,2475.0
ANY,2017.02.08.,1220.0,16677.0
ANY,2017.02.09.,1216.0,3147.0
ANY,2017.02.10.,1214.0,6583.0
ANY,2017.02.13.,1230.0,17195.0
ANY,2017.02.14.,1245.0,36327.0
ANY,2017.02.15.,1261.0,19385.0
ANY,2017.02.16.,1254.0,19123.0
ANY,2017.02.17.,1255.0,8317.0
ANY,2017.02.20.,1263.0,6321.0
ANY,2017.02.21.,1261.0,9414.0
ANY,2017.02.22.,1271.0,8531.0
ANY,2017.02.23.,1268.0,5668.0
ANY,2017.02.24.,1258.0,32338.0
ANY,2017.02.27.,1273.0,12504.0
ANY,2017.02.28.,1262.0,9568.0
ANY,2017.03.01.,1272.0,14799.0
ANY,2017.03.02.,1269.0,5419.0
ANY,2017.03.03.,1263.0,8172.0
ANY,2017.03.06.,1265.0,5072.0
ANY,2017.03.07.,1278.0,76880.0
ANY,2017.03.08.,1270.0,20355.0
ANY,2017.03.09.,1314.0,54747.0
ANY,2017.03.10.,1350.0,49263.0
ANY,2017.03.13.,1362.0,17186.0
ANY,2017.03.14.,1360.0,12909.0
ANY,2017.03.16.,1373.0,14728.0
FHB,2014.11.05.,720.0,3036.0
FHB,2014.11.06.,729.0,24467.0
FHB,2014.11.07.,723.0,5040.0
FHB,2014.11.10.,746.0,90698.0
FHB,2014.11.11.,734.0,16497.0
FHB,2014.11.12.,728.0,10404.0
FHB,2014.11.13.,736.0,13770.0
FHB,2014.11.14.,730.0,17991.0
FHB,2014.11.17.,734.0,3375.0
FHB,2014.11.18.,732.0,8247.0
FHB,2014.11.19.,729.0,12734.0
FHB,2014.11.20.,726.0,6280.0
FHB,2014.11.21.,718.0,24492.0
FHB,2014.11.24.,720.0,6635.0
FHB,2014.11.25.,720.0,3318.0
FHB,2014.11.26.,715.0,21393.0
FHB,2014.11.27.,718.0,5955.0
FHB,2014.11.28.,723.0,2102.0
FHB,2014.12.01.,748.0,87047.0
FHB,2014.12.02.,748.0,42466.0
FHB,2014.12.03.,741.0,7306.0
FHB,2014.12.04.,738.0,14309.0
FHB,2014.12.05.,736.0,5233.0
FHB,2014.12.08.,734.0,2055.0
FHB,2014.12.09.,729.0,34687.0
FHB,2014.12.10.,728.0,1908.0
FHB,2014.12.11.,721.0,26626.0
FHB,2014.12.12.,720.0,7491.0
FHB,2014.12.15.,720.0,15509.0
FHB,2014.12.16.,701.0,61529.0
FHB,2014.12.17.,700.0,40045.0
FHB,2014.12.18.,710.0,26844.0
FHB,2014.12.19.,700.0,37221.0
FHB,2014.12.22.,700.0,36277.0
FHB,2014.12.23.,694.0,7278.0
FHB,2014.12.29.,694.0,22157.0
FHB,2014.12.30.,695.0,22925.0
FHB,2015.01.05.,688.0,7530.0
FHB,2015.01.06.,690.0,16778.0
FHB,2015.01.07.,698.0,2469.0
FHB,2015.01.08.,715.0,16971.0
FHB,2015.01.09.,700.0,7526.0
FHB,2015.01.12.,702.0,905.0
FHB,2015.01.13.,706.0,15088.0
FHB,2015.01.14.,706.0,1967.0
FHB,2015.01.15.,673.0,56670.0
FHB,2015.01.16.,675.0,22993.0
FHB,2015.01.19.,685.0,5982.0
FHB,2015.01.20.,695.0,22158.0
FHB,2015.01.21.,690.0,13084.0
FHB,2015.01.22.,692.0,11204.0
FHB,2015.01.23.,688.0,12304.0
FHB,2015.01.26.,681.0,11226.0
FHB,2015.01.27.,676.0,14983.0
FHB,2015.01.28.,692.0,47986.0
FHB,2015.01.29.,695.0,105749.0
FHB,2015.01.30.,694.0,6166.0
FHB,2015.02.02.,690.0,1065.0
FHB,2015.02.03.,704.0,26276.0
FHB,2015.02.04.,740.0,95697.0
FHB,2015.02.05.,735.0,19353.0
FHB,2015.02.06.,720.0,17066.0
FHB,2015.02.09.,748.0,66864.0
FHB,2015.02.10.,775.0,147959.0
FHB,2015.02.11.,769.0,35242.0
FHB,2015.02.12.,773.0,51166.0
FHB,2015.02.13.,773.0,15755.0
FHB,2015.02.16.,764.0,9091.0
FHB,2015.02.17.,765.0,17144.0
FHB,2015.02.18.,770.0,23862.0
FHB,2015.02.19.,782.0,33307.0
FHB,2015.02.20.,785.0,47573.0
FHB,2015.02.23.,789.0,27506.0
FHB,2015.02.24.,796.0,42588.0
FHB,2015.02.25.,787.0,10133.0
FHB,2015.02.26.,789.0,5902.0
FHB,2015.02.27.,797.0,46716.0
FHB,2015.03.02.,785.0,7018.0
FHB,2015.03.03.,782.0,21932.0
FHB,2015.03.04.,781.0,3603.0
FHB,2015.03.05.,796.0,42555.0
FHB,2015.03.06.,792.0,11559.0
FHB,2015.03.09.,790.0,17939.0
FHB,2015.03.10.,789.0,8585.0
FHB,2015.03.11.,787.0,15435.0
FHB,2015.03.12.,786.0,5345.0
FHB,2015.03.13.,789.0,9659.0
FHB,2015.03.16.,795.0,16514.0
FHB,2015.03.17.,787.0,15386.0
FHB,2015.03.18.,785.0,275.0
FHB,2015.03.19.,783.0,19673.0
FHB,2015.03.20.,780.0,40119.0
FHB,2015.03.23.,779.0,4735.0
FHB,2015.03.24.,769.0,30150.0
FHB,2015.03.25.,768.0,43505.0
FHB,2015.03.26.,750.0,36644.0
FHB,2015.03.27.,755.0,17756.0
FHB,2015.03.30.,740.0,14525.0
FHB,2015.03.31.,735.0,18178.0
FHB,2015.04.01.,754.0,10776.0
FHB,2015.04.02.,765.0,18375.0
FHB,2015.04.07.,764.0,16522.0
FHB,2015.04.08.,753.0,27803.0
FHB,2015.04.09.,744.0,6648.0
FHB,2015.04.10.,763.0,14563.0
FHB,2015.04.13.,782.0,52316.0
FHB,2015.04.14.,770.0,33035.0
FHB,2015.04.15.,761.0,22135.0
FHB,2015.04.16.,775.0,17383.0
FHB,2015.04.17.,775.0,17532.0
FHB,2015.04.20.,766.0,3651.0
FHB,2015.04.21.,766.0,15214.0
FHB,2015.04.22.,770.0,3794.0
FHB,2015.04.23.,764.0,6307.0
FHB,2015.04.24.,760.0,9430.0
FHB,2015.04.27.,772.0,39900.0
FHB,2015.04.28.,791.0,116524.0
FHB,2015.04.29.,783.0,42002.0
FHB,2015.04.30.,780.0,16510.0
FHB,2015.05.04.,801.0,59878.0
FHB,2015.05.05.,828.0,156681.0
FHB,2015.05.06.,833.0,26965.0
FHB,2015.05.07.,815.0,29868.0
FHB,2015.05.08.,820.0,14092.0
FHB,2015.05.11.,820.0,7745.0
FHB,2015.05.12.,815.0,9476.0
FHB,2015.05.13.,801.0,15952.0
FHB,2015.05.14.,798.0,6743.0
FHB,2015.05.15.,800.0,11943.0
FHB,2015.05.18.,779.0,34730.0
FHB,2015.05.19.,780.0,12587.0
FHB,2015.05.20.,785.0,13520.0
FHB,2015.05.21.,781.0,6721.0
FHB,2015.05.22.,792.0,7041.0
FHB,2015.05.26.,799.0,13396.0
FHB,2015.05.27.,793.0,15392.0
FHB,2015.05.28.,783.0,8804.0
FHB,2015.05.29.,789.0,11200.0
FHB,2015.06.01.,785.0,5307.0
FHB,2015.06.02.,791.0,12907.0
FHB,2015.06.03.,800.0,31660.0
FHB,2015.06.04.,790.0,9380.0
FHB,2015.06.05.,803.0,6962.0
FHB,2015.06.08.,788.0,2202.0
FHB,2015.06.09.,799.0,1121.0
FHB,2015.06.10.,787.0,2816.0
FHB,2015.06.11.,798.0,5078.0
FHB,2015.06.12.,798.0,786.0
FHB,2015.06.15.,776.0,32387.0
FHB,2015.06.16.,778.0,5057.0
FHB,2015.06.17.,765.0,2370.0
FHB,2015.06.18.,779.0,4892.0
FHB,2015.06.19.,779.0,22958.0
FHB,2015.06.22.,773.0,4900.0
FHB,2015.06.23.,788.0,5786.0
FHB,2015.06.24.,777.0,9686.0
FHB,2015.06.25.,776.0,1480.0
FHB,2015.06.26.,779.0,2904.0
FHB,2015.06.29.,760.0,8059.0
FHB,2015.06.30.,780.0,3822.0
FHB,2015.07.01.,768.0,4360.0
FHB,2015.07.02.,779.0,122.0
FHB,2015.07.03.,771.0,4482.0
FHB,2015.07.06.,760.0,1921.0
FHB,2015.07.07.,761.0,1337.0
FHB,2015.07.08.,770.0,4521.0
FHB,2015.07.09.,770.0,2446.0
FHB,2015.07.10.,772.0,3292.0
FHB,2015.07.13.,769.0,4004.0
FHB,2015.07.14.,761.0,17058.0
FHB,2015.07.15.,769.0,4230.0
FHB,2015.07.16.,769.0,1554.0
FHB,2015.07.17.,771.0,3490.0
FHB,2015.07.20.,770.0,2403.0
FHB,2015.07.21.,770.0,4143.0
FHB,2015.07.22.,775.0,1253.0
FHB,2015.07.23.,775.0,10919.0
FHB,2015.07.24.,775.0,330.0
FHB,2015.07.27.,779.0,3135.0
FHB,2015.07.28.,770.0,1436.0
FHB,2015.07.29.,766.0,461.0
FHB,2015.07.30.,785.0,6348.0
FHB,2015.07.31.,771.0,15481.0
FHB,2015.08.03.,768.0,254.0
FHB,2015.08.04.,763.0,8005.0
FHB,2015.08.05.,772.0,13135.0
FHB,2015.08.06.,763.0,10246.0
FHB,2015.08.07.,765.0,350.0
FHB,2015.08.10.,770.0,302.0
FHB,2015.08.11.,775.0,3880.0
FHB,2015.08.12.,765.0,224.0
FHB,2015.08.13.,773.0,1481.0
FHB,2015.08.14.,761.0,6065.0
FHB,2015.08.17.,773.0,2085.0
FHB,2015.08.18.,772.0,405.0
FHB,2015.08.19.,766.0,697.0
FHB,2015.08.24.,695.0,65980.0
FHB,2015.08.25.,723.0,47159.0
FHB,2015.08.26.,721.0,12797.0
FHB,2015.08.27.,733.0,4870.0
FHB,2015.08.28.,725.0,3448.0
FHB,2015.08.31.,701.0,27268.0
FHB,2015.09.01.,683.0,44583.0
FHB,2015.09.02.,719.0,27743.0
FHB,2015.09.03.,720.0,5181.0
FHB,2015.09.04.,720.0,2340.0
FHB,2015.09.07.,704.0,17844.0
FHB,2015.09.08.,711.0,3373.0
FHB,2015.09.09.,717.0,1740.0
FHB,2015.09.10.,711.0,280.0
FHB,2015.09.11.,715.0,3524.0
FHB,2015.09.14.,708.0,2722.0
FHB,2015.09.15.,701.0,1716.0
FHB,2015.09.16.,701.0,2517.0
FHB,2015.09.17.,704.0,8268.0
FHB,2015.09.18.,694.0,12432.0
FHB,2015.09.21.,710.0,5769.0
FHB,2015.09.22.,703.0,1341.0
FHB,2015.09.23.,704.0,164.0
FHB,2015.09.24.,710.0,12950.0
FHB,2015.09.25.,701.0,335.0
FHB,2015.09.28.,710.0,3671.0
FHB,2015.09.29.,702.0,15370.0
FHB,2015.09.30.,713.0,5516.0
FHB,2015.10.01.,700.0,2264.0
FHB,2015.10.02.,710.0,2138.0
FHB,2015.10.05.,705.0,2120.0
FHB,2015.10.06.,711.0,2715.0
FHB,2015.10.07.,704.0,3240.0
FHB,2015.10.08.,703.0,4536.0
FHB,2015.10.09.,705.0,7131.0
FHB,2015.10.12.,707.0,9582.0
FHB,2015.10.13.,712.0,435.0
FHB,2015.10.14.,705.0,9318.0
FHB,2015.10.15.,712.0,764.0
FHB,2015.10.16.,704.0,8607.0
FHB,2015.10.19.,702.0,32935.0
FHB,2015.10.20.,697.0,11835.0
FHB,2015.10.21.,700.0,7795.0
FHB,2015.10.22.,690.0,7047.0
FHB,2015.10.26.,710.0,7467.0
FHB,2015.10.27.,695.0,2433.0
FHB,2015.10.28.,700.0,57.0
FHB,2015.10.29.,690.0,7268.0
FHB,2015.10.30.,700.0,7763.0
FHB,2015.11.02.,700.0,15166.0
FHB,2015.11.03.,700.0,4880.0
FHB,2015.11.04.,695.0,5942.0
FHB,2015.11.05.,695.0,95.0
FHB,2015.11.06.,700.0,1695.0
FHB,2015.11.09.,690.0,3595.0
FHB,2015.11.10.,688.0,10207.0
FHB,2015.11.11.,689.0,11001.0
FHB,2015.11.12.,680.0,8790.0
FHB,2015.11.13.,679.0,6440.0
FHB,2015.11.16.,670.0,34080.0
FHB,2015.11.17.,675.0,30012.0
FHB,2015.11.18.,678.0,15320.0
FHB,2015.11.19.,682.0,26572.0
FHB,2015.11.20.,685.0,2271.0
FHB,2015.11.23.,688.0,3956.0
FHB,2015.11.24.,685.0,5639.0
FHB,2015.11.25.,676.0,15099.0
FHB,2015.11.26.,676.0,6264.0
FHB,2015.11.27.,677.0,1655.0
FHB,2015.11.30.,675.0,12256.0
FHB,2015.12.01.,677.0,4725.0
FHB,2015.12.02.,674.0,1982.0
FHB,2015.12.03.,674.0,16265.0
FHB,2015.12.04.,675.0,12948.0
FHB,2015.12.07.,647.0,52197.0
FHB,2015.12.08.,646.0,20956.0
FHB,2015.12.09.,656.0,18765.0
FHB,2015.12.10.,650.0,76501.0
FHB,2015.12.11.,638.0,44370.0
FHB,2015.12.14.,636.0,26649.0
FHB,2015.12.15.,643.0,28486.0
FHB,2015.12.16.,636.0,40130.0
FHB,2015.12.17.,645.0,113600.0
FHB,2015.12.18.,670.0,55667.0
FHB,2015.12.21.,687.0,44060.0
FHB,2015.12.22.,700.0,54695.0
FHB,2015.12.23.,699.0,22748.0
FHB,2015.12.28.,,
FHB,2015.12.29.,,
FHB,2015.12.30.,,
FHB,2016.01.04.,726.0,87182.0
FHB,2016.01.05.,735.0,43186.0
FHB,2016.01.06.,741.0,27450.0
FHB,2016.01.07.,722.0,34247.0
FHB,2016.01.08.,734.0,28823.0
FHB,2016.01.11.,730.0,12633.0
FHB,2016.01.12.,731.0,13739.0
FHB,2016.01.13.,725.0,21289.0
FHB,2016.01.14.,732.0,21496.0
FHB,2016.01.15.,731.0,16547.0
FHB,2016.01.18.,725.0,15359.0
FHB,2016.01.19.,717.0,14118.0
FHB,2016.01.20.,717.0,27590.0
FHB,2016.01.21.,730.0,23077.0
FHB,2016.01.22.,735.0,35359.0
FHB,2016.01.25.,734.0,18072.0
FHB,2016.01.26.,734.0,16600.0
FHB,2016.01.27.,770.0,93096.0
FHB,2016.01.28.,758.0,44058.0
FHB,2016.01.29.,779.0,52187.0
FHB,2016.02.01.,773.0,31565.0
FHB,2016.02.02.,758.0,16748.0
FHB,2016.02.03.,747.0,7845.0
FHB,2016.02.04.,755.0,8191.0
FHB,2016.02.05.,750.0,2160.0
FHB,2016.02.08.,732.0,26024.0
FHB,2016.02.09.,745.0,20771.0
FHB,2016.02.10.,748.0,15242.0
FHB,2016.02.11.,751.0,11098.0
FHB,2016.02.12.,743.0,10309.0
FHB,2016.02.15.,760.0,5882.0
FHB,2016.02.16.,762.0,5400.0
FHB,2016.02.17.,750.0,10689.0
FHB,2016.02.18.,750.0,16864.0
FHB,2016.02.19.,743.0,17028.0
FHB,2016.02.22.,753.0,18578.0
FHB,2016.02.23.,740.0,16574.0
FHB,2016.02.24.,731.0,15631.0
FHB,2016.02.25.,740.0,15789.0
FHB,2016.02.26.,745.0,13223.0
FHB,2016.02.29.,733.0,11140.0
FHB,2016.03.01.,748.0,8739.0
FHB,2016.03.02.,758.0,20329.0
FHB,2016.03.03.,762.0,15193.0
FHB,2016.03.04.,764.0,25857.0
FHB,2016.03.07.,765.0,9886.0
FHB,2016.03.08.,757.0,22416.0
FHB,2016.03.09.,760.0,14002.0
FHB,2016.03.10.,749.0,17036.0
FHB,2016.03.11.,760.0,13507.0
FHB,2016.03.16.,745.0,13203.0
FHB,2016.03.17.,740.0,37797.0
FHB,2016.03.18.,730.0,88463.0
FHB,2016.03.21.,734.0,89998.0
FHB,2016.03.22.,736.0,34125.0
FHB,2016.03.23.,736.0,19661.0
FHB,2016.03.24.,733.0,8616.0
FHB,2016.03.29.,742.0,7275.0
FHB,2016.03.30.,742.0,4991.0
FHB,2016.03.31.,737.0,15277.0
FHB,2016.04.01.,735.0,7911.0
FHB,2016.04.04.,738.0,7731.0
FHB,2016.04.05.,730.0,7988.0
FHB,2016.04.06.,739.0,5040.0
FHB,2016.04.07.,734.0,19937.0
FHB,2016.04.08.,740.0,6791.0
FHB,2016.04.11.,735.0,9592.0
FHB,2016.04.12.,725.0,50663.0
FHB,2016.04.13.,734.0,24998.0
FHB,2016.04.14.,740.0,15301.0
FHB,2016.04.15.,739.0,13559.0
FHB,2016.04.18.,738.0,7589.0
FHB,2016.04.19.,739.0,5725.0
FHB,2016.04.20.,734.0,10252.0
FHB,2016.04.21.,738.0,9214.0
FHB,2016.04.22.,738.0,8255.0
FHB,2016.04.25.,736.0,13842.0
FHB,2016.04.26.,738.0,4623.0
FHB,2016.04.27.,729.0,19502.0
FHB,2016.04.28.,737.0,9552.0
FHB,2016.04.29.,731.0,6648.0
FHB,2016.05.02.,725.0,8068.0
FHB,2016.05.03.,728.0,8403.0
FHB,2016.05.04.,724.0,31440.0
FHB,2016.05.05.,730.0,14326.0
FHB,2016.05.06.,720.0,10287.0
FHB,2016.05.09.,722.0,7355.0
FHB,2016.05.10.,730.0,4658.0
FHB,2016.05.11.,723.0,13262.0
FHB,2016.05.12.,725.0,3145.0
FHB,2016.05.13.,720.0,6010.0
FHB,2016.05.17.,707.0,6341.0
FHB,2016.05.18.,700.0,13929.0
FHB,2016.05.19.,699.0,4040.0
FHB,2016.05.20.,712.0,5950.0
FHB,2016.05.23.,711.0,9013.0
FHB,2016.05.24.,720.0,408.0
FHB,2016.05.25.,720.0,979.0
FHB,2016.05.26.,710.0,3615.0
FHB,2016.05.27.,710.0,3733.0
FHB,2016.05.30.,713.0,2259.0
FHB,2016.05.31.,703.0,2966.0
FHB,2016.06.01.,713.0,9342.0
FHB,2016.06.02.,702.0,4468.0
FHB,2016.06.03.,709.0,4490.0
FHB,2016.06.06.,690.0,19709.0
FHB,2016.06.07.,680.0,17654.0
FHB,2016.06.08.,578.0,155070.0
FHB,2016.06.09.,540.0,345753.0
FHB,2016.06.10.,514.0,150500.0
FHB,2016.06.13.,514.0,116213.0
FHB,2016.06.14.,524.0,54775.0
FHB,2016.06.15.,516.0,51469.0
FHB,2016.06.16.,504.0,47285.0
FHB,2016.06.17.,444.0,177967.0
FHB,2016.06.20.,404.0,182668.0
FHB,2016.06.21.,410.0,86813.0
FHB,2016.06.22.,411.0,103129.0
FHB,2016.06.23.,422.0,42603.0
FHB,2016.06.24.,418.0,71927.0
FHB,2016.06.27.,420.0,12859.0
FHB,2016.06.28.,465.0,65519.0
FHB,2016.06.29.,534.0,176954.0
FHB,2016.06.30.,568.0,418356.0
FHB,2016.07.01.,545.0,72649.0
FHB,2016.07.04.,530.0,17126.0
FHB,2016.07.05.,518.0,23726.0
FHB,2016.07.06.,496.0,68053.0
FHB,2016.07.07.,510.0,28817.0
FHB,2016.07.08.,516.0,21738.0
FHB,2016.07.11.,529.0,12188.0
FHB,2016.07.12.,545.0,58373.0
FHB,2016.07.13.,562.0,117826.0
FHB,2016.07.14.,545.0,97036.0
FHB,2016.07.15.,535.0,15613.0
FHB,2016.07.18.,534.0,4851.0
FHB,2016.07.19.,535.0,12072.0
FHB,2016.07.20.,536.0,4281.0
FHB,2016.07.21.,537.0,19899.0
FHB,2016.07.22.,528.0,2208.0
FHB,2016.07.25.,526.0,3445.0
FHB,2016.07.26.,519.0,11830.0
FHB,2016.07.27.,525.0,3183.0
FHB,2016.07.28.,526.0,3523.0
FHB,2016.07.29.,525.0,7022.0
FHB,2016.08.01.,521.0,6986.0
FHB,2016.08.02.,504.0,23457.0
FHB,2016.08.03.,507.0,4310.0
FHB,2016.08.04.,516.0,18989.0
FHB,2016.08.05.,512.0,2330.0
FHB,2016.08.08.,520.0,13306.0
FHB,2016.08.09.,511.0,4168.0
FHB,2016.08.10.,514.0,7668.0
FHB,2016.08.11.,509.0,15729.0
FHB,2016.08.12.,508.0,13053.0
FHB,2016.08.15.,509.0,1081.0
FHB,2016.08.16.,510.0,13242.0
FHB,2016.08.17.,515.0,3992.0
FHB,2016.08.18.,515.0,3281.0
FHB,2016.08.19.,536.0,74661.0
FHB,2016.08.22.,524.0,3437.0
FHB,2016.08.23.,525.0,6008.0
FHB,2016.08.24.,523.0,3720.0
FHB,2016.08.25.,515.0,23467.0
FHB,2016.08.26.,514.0,1984.0
FHB,2016.08.29.,517.0,3412.0
FHB,2016.08.30.,530.0,34620.0
FHB,2016.08.31.,530.0,7468.0
FHB,2016.09.01.,523.0,1337.0
FHB,2016.09.02.,526.0,4689.0
FHB,2016.09.05.,521.0,4694.0
FHB,2016.09.06.,529.0,5799.0
FHB,2016.09.07.,518.0,38356.0
FHB,2016.09.08.,525.0,6057.0
FHB,2016.09.09.,526.0,1072.0
FHB,2016.09.12.,525.0,7643.0
FHB,2016.09.13.,520.0,8303.0
FHB,2016.09.14.,520.0,13761.0
FHB,2016.09.15.,520.0,2626.0
FHB,2016.09.16.,518.0,9096.0
FHB,2016.09.19.,525.0,2432.0
FHB,2016.09.20.,521.0,2772.0
FHB,2016.09.21.,525.0,3647.0
FHB,2016.09.22.,525.0,500.0
FHB,2016.09.23.,527.0,3743.0
FHB,2016.09.26.,525.0,9267.0
FHB,2016.09.27.,519.0,5392.0
FHB,2016.09.28.,519.0,8474.0
FHB,2016.09.29.,523.0,1980.0
FHB,2016.09.30.,512.0,11758.0
FHB,2016.10.03.,516.0,14900.0
FHB,2016.10.04.,515.0,12982.0
FHB,2016.10.05.,513.0,4669.0
FHB,2016.10.06.,511.0,16888.0
FHB,2016.10.07.,512.0,2431.0
FHB,2016.10.10.,509.0,15832.0
FHB,2016.10.11.,513.0,1687.0
FHB,2016.10.12.,500.0,49075.0
FHB,2016.10.13.,493.0,34226.0
FHB,2016.10.14.,499.0,4044.0
FHB,2016.10.17.,522.0,173872.0
FHB,2016.10.18.,517.0,56147.0
FHB,2016.10.19.,515.0,33246.0
FHB,2016.10.20.,504.0,64258.0
FHB,2016.10.21.,504.0,27626.0
FHB,2016.10.24.,508.0,11352.0
FHB,2016.10.25.,506.0,15399.0
FHB,2016.10.26.,506.0,21473.0
FHB,2016.10.27.,502.0,44324.0
FHB,2016.10.28.,501.0,13536.0
FHB,2016.11.02.,498.0,50161.0
FHB,2016.11.03.,526.0,181392.0
FHB,2016.11.04.,524.0,32715.0
FHB,2016.11.07.,523.0,13943.0
FHB,2016.11.08.,525.0,40555.0
FHB,2016.11.09.,519.0,28035.0
FHB,2016.11.10.,519.0,28968.0
FHB,2016.11.11.,524.0,9161.0
FHB,2016.11.14.,525.0,25768.0
FHB,2016.11.15.,534.0,142604.0
FHB,2016.11.16.,525.0,111428.0
FHB,2016.11.17.,526.0,15525.0
FHB,2016.11.18.,520.0,28768.0
FHB,2016.11.21.,513.0,29741.0
FHB,2016.11.22.,511.0,50858.0
FHB,2016.11.23.,510.0,24013.0
FHB,2016.11.24.,510.0,38759.0
FHB,2016.11.25.,511.0,42407.0
FHB,2016.11.28.,504.0,53045.0
FHB,2016.11.29.,500.0,172974.0
FHB,2016.11.30.,499.0,78408.0
FHB,2016.12.01.,498.0,57984.0
FHB,2016.12.02.,500.0,65714.0
FHB,2016.12.05.,497.0,73304.0
FHB,2016.12.06.,495.0,11140.0
FHB,2016.12.07.,497.0,61217.0
FHB,2016.12.08.,500.0,206724.0
FHB,2016.12.09.,502.0,345369.0
FHB,2016.12.12.,495.0,235469.0
FHB,2016.12.13.,490.0,108354.0
FHB,2016.12.14.,490.0,29737.0
FHB,2016.12.15.,495.0,16675.0
FHB,2016.12.16.,496.0,31318.0
FHB,2016.12.19.,491.0,58226.0
FHB,2016.12.20.,491.0,16235.0
FHB,2016.12.21.,491.0,92809.0
FHB,2016.12.22.,491.0,36624.0
FHB,2016.12.23.,491.0,94946.0
FHB,2016.12.27.,492.0,23926.0
FHB,2016.12.28.,490.0,61464.0
FHB,2016.12.29.,492.0,12928.0
FHB,2016.12.30.,495.0,28397.0
FHB,2017.01.02.,495.0,34426.0
FHB,2017.01.03.,495.0,7361.0
FHB,2017.01.04.,494.0,34003.0
FHB,2017.01.05.,493.0,61789.0
FHB,2017.01.06.,490.0,27284.0
FHB,2017.01.09.,490.0,3720.0
FHB,2017.01.10.,490.0,166609.0
FHB,2017.01.11.,488.0,97079.0
FHB,2017.01.12.,490.0,23549.0
FHB,2017.01.13.,489.0,30080.0
FHB,2017.01.16.,490.0,22959.0
FHB,2017.01.17.,489.0,16655.0
FHB,2017.01.18.,488.0,8733.0
FHB,2017.01.19.,487.0,14273.0
FHB,2017.01.20.,480.0,96627.0
FHB,2017.01.23.,480.0,1302.0
FHB,2017.01.24.,479.0,5324.0
FHB,2017.01.25.,470.0,49591.0
FHB,2017.01.26.,453.0,118705.0
FHB,2017.01.27.,452.0,107025.0
FHB,2017.01.30.,458.0,36790.0
FHB,2017.01.31.,475.0,64643.0
FHB,2017.02.01.,485.0,152671.0
FHB,2017.02.02.,488.0,70573.0
FHB,2017.02.03.,496.0,92074.0
FHB,2017.02.06.,498.0,32636.0
FHB,2017.02.07.,500.0,23678.0
FHB,2017.02.08.,508.0,68449.0
FHB,2017.02.09.,505.0,25031.0
FHB,2017.02.10.,505.0,35837.0
FHB,2017.02.13.,502.0,14631.0
FHB,2017.02.14.,496.0,34865.0
FHB,2017.02.15.,501.0,15160.0
FHB,2017.02.16.,495.0,16380.0
FHB,2017.02.17.,495.0,3803.0
FHB,2017.02.20.,497.0,6603.0
FHB,2017.02.21.,501.0,30439.0
FHB,2017.02.22.,500.0,17994.0
FHB,2017.02.23.,500.0,13538.0
FHB,2017.02.24.,492.0,37051.0
FHB,2017.02.27.,492.0,7457.0
FHB,2017.02.28.,497.0,29870.0
FHB,2017.03.01.,501.0,31907.0
FHB,2017.03.02.,511.0,221357.0
FHB,2017.03.03.,520.0,192750.0
FHB,2017.03.06.,520.0,38724.0
FHB,2017.03.07.,516.0,32590.0
FHB,2017.03.08.,511.0,30465.0
FHB,2017.03.09.,528.0,142630.0
FHB,2017.03.10.,557.0,559603.0
FHB,2017.03.13.,546.0,97602.0
FHB,2017.03.14.,543.0,38752.0
FHB,2017.03.16.,548.0,94779.0
MOL,2014.11.05.,11640.0,42722.0
MOL,2014.11.06.,11700.0,119485.0
MOL,2014.11.07.,11760.0,34177.0
MOL,2014.11.10.,11935.0,49537.0
MOL,2014.11.11.,11805.0,39777.0
MOL,2014.11.12.,11880.0,67589.0
MOL,2014.11.13.,11995.0,53047.0
MOL,2014.11.14.,12070.0,52089.0
MOL,2014.11.17.,12050.0,36013.0
MOL,2014.11.18.,12300.0,75078.0
MOL,2014.11.19.,12410.0,98401.0
MOL,2014.11.20.,12395.0,112210.0
MOL,2014.11.21.,12195.0,77816.0
MOL,2014.11.24.,12085.0,36967.0
MOL,2014.11.25.,12380.0,97197.0
MOL,2014.11.26.,12400.0,38836.0
MOL,2014.11.27.,12320.0,33975.0
MOL,2014.11.28.,11900.0,92995.0
MOL,2014.12.01.,11780.0,61871.0
MOL,2014.12.02.,11795.0,53093.0
MOL,2014.12.03.,11840.0,37767.0
MOL,2014.12.04.,11895.0,63959.0
MOL,2014.12.05.,12180.0,99893.0
MOL,2014.12.08.,12180.0,40579.0
MOL,2014.12.09.,12085.0,107706.0
MOL,2014.12.10.,11925.0,62961.0
MOL,2014.12.11.,11660.0,118918.0
MOL,2014.12.12.,11530.0,152320.0
MOL,2014.12.15.,11360.0,152927.0
MOL,2014.12.16.,10960.0,259457.0
MOL,2014.12.17.,11035.0,96719.0
MOL,2014.12.18.,11230.0,85473.0
MOL,2014.12.19.,11480.0,161770.0
MOL,2014.12.22.,11600.0,49929.0
MOL,2014.12.23.,11550.0,65275.0
MOL,2014.12.29.,11480.0,17716.0
MOL,2014.12.30.,11545.0,36911.0
MOL,2015.01.05.,11300.0,120930.0
MOL,2015.01.06.,11360.0,96899.0
MOL,2015.01.07.,11485.0,87021.0
MOL,2015.01.08.,11700.0,63816.0
MOL,2015.01.09.,11630.0,32743.0
MOL,2015.01.12.,11500.0,51258.0
MOL,2015.01.13.,11420.0,97254.0
MOL,2015.01.14.,11245.0,89154.0
MOL,2015.01.15.,10895.0,146287.0
MOL,2015.01.16.,10720.0,148764.0
MOL,2015.01.19.,10710.0,54375.0
MOL,2015.01.20.,11000.0,111831.0
MOL,2015.01.21.,11025.0,76556.0
MOL,2015.01.22.,11190.0,69908.0
MOL,2015.01.23.,11210.0,47996.0
MOL,2015.01.26.,11180.0,55731.0
MOL,2015.01.27.,11300.0,48816.0
MOL,2015.01.28.,11325.0,69226.0
MOL,2015.01.29.,11080.0,91654.0
MOL,2015.01.30.,11055.0,62226.0
MOL,2015.02.02.,11390.0,96412.0
MOL,2015.02.03.,11670.0,100316.0
MOL,2015.02.04.,11800.0,148608.0
MOL,2015.02.05.,11700.0,91510.0
MOL,2015.02.06.,11730.0,60901.0
MOL,2015.02.09.,11730.0,40091.0
MOL,2015.02.10.,11895.0,146200.0
MOL,2015.02.11.,11775.0,50381.0
MOL,2015.02.12.,11900.0,65847.0
MOL,2015.02.13.,11900.0,58268.0
MOL,2015.02.16.,11725.0,21399.0
MOL,2015.02.17.,11800.0,62865.0
MOL,2015.02.18.,11750.0,130700.0
MOL,2015.02.19.,11760.0,31463.0
MOL,2015.02.20.,11725.0,37119.0
MOL,2015.02.23.,11785.0,59627.0
MOL,2015.02.24.,12200.0,338199.0
MOL,2015.02.25.,12275.0,222759.0
MOL,2015.02.26.,12305.0,164087.0
MOL,2015.02.27.,11990.0,135409.0
MOL,2015.03.02.,11840.0,153814.0
MOL,2015.03.03.,11710.0,56393.0
MOL,2015.03.04.,11800.0,37259.0
MOL,2015.03.05.,11820.0,87991.0
MOL,2015.03.06.,12000.0,58530.0
MOL,2015.03.09.,12000.0,59341.0
MOL,2015.03.10.,11850.0,64928.0
MOL,2015.03.11.,11855.0,57564.0
MOL,2015.03.12.,12080.0,81632.0
MOL,2015.03.13.,11965.0,92165.0
MOL,2015.03.16.,11910.0,74210.0
MOL,2015.03.17.,11920.0,75257.0
MOL,2015.03.18.,11800.0,83550.0
MOL,2015.03.19.,11840.0,54286.0
MOL,2015.03.20.,11705.0,189083.0
MOL,2015.03.23.,11950.0,94180.0
MOL,2015.03.24.,12250.0,132812.0
MOL,2015.03.25.,12150.0,171877.0
MOL,2015.03.26.,12495.0,138039.0
MOL,2015.03.27.,12430.0,69535.0
MOL,2015.03.30.,12380.0,40346.0
MOL,2015.03.31.,12120.0,144541.0
MOL,2015.04.01.,12165.0,236983.0
MOL,2015.04.02.,12740.0,500460.0
MOL,2015.04.07.,13290.0,426205.0
MOL,2015.04.08.,13900.0,721405.0
MOL,2015.04.09.,13920.0,211202.0
MOL,2015.04.10.,13980.0,117236.0
MOL,2015.04.13.,14690.0,331269.0
MOL,2015.04.14.,14590.0,516055.0
MOL,2015.04.15.,14965.0,245261.0
MOL,2015.04.16.,14800.0,314989.0
MOL,2015.04.17.,14425.0,199534.0
MOL,2015.04.20.,14900.0,124646.0
MOL,2015.04.21.,14910.0,213098.0
MOL,2015.04.22.,14600.0,150022.0
MOL,2015.04.23.,14585.0,108423.0
MOL,2015.04.24.,14900.0,172537.0
MOL,2015.04.27.,14880.0,126233.0
MOL,2015.04.28.,15130.0,660427.0
MOL,2015.04.29.,14750.0,347647.0
MOL,2015.04.30.,15050.0,246881.0
MOL,2015.05.04.,15005.0,131560.0
MOL,2015.05.05.,15005.0,173395.0
MOL,2015.05.06.,15250.0,228791.0
MOL,2015.05.07.,15250.0,243226.0
MOL,2015.05.08.,15350.0,259735.0
MOL,2015.05.11.,15360.0,145938.0
MOL,2015.05.12.,15280.0,125933.0
MOL,2015.05.13.,14890.0,246274.0
MOL,2015.05.14.,14710.0,157523.0
MOL,2015.05.15.,14950.0,130823.0
MOL,2015.05.18.,14650.0,155900.0
MOL,2015.05.19.,14845.0,151125.0
MOL,2015.05.20.,14880.0,60511.0
MOL,2015.05.21.,15000.0,98471.0
MOL,2015.05.22.,15000.0,148667.0
MOL,2015.05.26.,14700.0,162033.0
MOL,2015.05.27.,15005.0,265559.0
MOL,2015.05.28.,14915.0,125794.0
MOL,2015.05.29.,14715.0,528613.0
MOL,2015.06.01.,14700.0,128631.0
MOL,2015.06.02.,14945.0,144079.0
MOL,2015.06.03.,14950.0,67772.0
MOL,2015.06.04.,14945.0,111404.0
MOL,2015.06.05.,14960.0,72352.0
MOL,2015.06.08.,14720.0,67750.0
MOL,2015.06.09.,14610.0,88450.0
MOL,2015.06.10.,14440.0,103227.0
MOL,2015.06.11.,14690.0,53490.0
MOL,2015.06.12.,14525.0,57403.0
MOL,2015.06.15.,14450.0,52790.0
MOL,2015.06.16.,14350.0,35575.0
MOL,2015.06.17.,14765.0,83137.0
MOL,2015.06.18.,14405.0,61116.0
MOL,2015.06.19.,14245.0,102468.0
MOL,2015.06.22.,14400.0,79582.0
MOL,2015.06.23.,14455.0,42067.0
MOL,2015.06.24.,14450.0,64124.0
MOL,2015.06.25.,14155.0,243041.0
MOL,2015.06.26.,14350.0,54285.0
MOL,2015.06.29.,14200.0,55767.0
MOL,2015.06.30.,14480.0,64414.0
MOL,2015.07.01.,14445.0,116968.0
MOL,2015.07.02.,14470.0,45106.0
MOL,2015.07.03.,14565.0,19262.0
MOL,2015.07.06.,14600.0,24608.0
MOL,2015.07.07.,14270.0,88587.0
MOL,2015.07.08.,14400.0,100298.0
MOL,2015.07.09.,14350.0,70584.0
MOL,2015.07.10.,14355.0,85958.0
MOL,2015.07.13.,14385.0,89197.0
MOL,2015.07.14.,14300.0,68571.0
MOL,2015.07.15.,14520.0,101144.0
MOL,2015.07.16.,14750.0,168666.0
MOL,2015.07.17.,14700.0,81008.0
MOL,2015.07.20.,14650.0,73319.0
MOL,2015.07.21.,14750.0,109503.0
MOL,2015.07.22.,14505.0,71485.0
MOL,2015.07.23.,14420.0,70380.0
MOL,2015.07.24.,14530.0,79161.0
MOL,2015.07.27.,14320.0,96257.0
MOL,2015.07.28.,14510.0,122388.0
MOL,2015.07.29.,14300.0,86596.0
MOL,2015.07.30.,14585.0,62544.0
MOL,2015.07.31.,14760.0,108749.0
MOL,2015.08.03.,14725.0,95362.0
MOL,2015.08.04.,14635.0,98574.0
MOL,2015.08.05.,14950.0,329622.0
MOL,2015.08.06.,14685.0,120369.0
MOL,2015.08.07.,14645.0,56591.0
MOL,2015.08.10.,14745.0,79122.0
MOL,2015.08.11.,14390.0,139813.0
MOL,2015.08.12.,14275.0,154079.0
MOL,2015.08.13.,14370.0,79123.0
MOL,2015.08.14.,14500.0,51614.0
MOL,2015.08.17.,14580.0,65489.0
MOL,2015.08.18.,14255.0,113244.0
MOL,2015.08.19.,14495.0,65127.0
MOL,2015.08.24.,13500.0,430792.0
MOL,2015.08.25.,13865.0,199371.0
MOL,2015.08.26.,13995.0,142629.0
MOL,2015.08.27.,14100.0,60474.0
MOL,2015.08.28.,13985.0,78259.0
MOL,2015.08.31.,13860.0,130300.0
MOL,2015.09.01.,13550.0,122072.0
MOL,2015.09.02.,13525.0,100663.0
MOL,2015.09.03.,13900.0,75364.0
MOL,2015.09.04.,13650.0,40967.0
MOL,2015.09.07.,13710.0,18503.0
MOL,2015.09.08.,13335.0,368768.0
MOL,2015.09.09.,13390.0,85740.0
MOL,2015.09.10.,13575.0,89069.0
MOL,2015.09.11.,13330.0,50400.0
MOL,2015.09.14.,13180.0,143290.0
MOL,2015.09.15.,13055.0,132893.0
MOL,2015.09.16.,13000.0,185929.0
MOL,2015.09.17.,12850.0,260182.0
MOL,2015.09.18.,12865.0,128834.0
MOL,2015.09.21.,12865.0,35519.0
MOL,2015.09.22.,12605.0,159289.0
MOL,2015.09.23.,12225.0,227928.0
MOL,2015.09.24.,12015.0,208576.0
MOL,2015.09.25.,12330.0,169199.0
MOL,2015.09.28.,12030.0,169804.0
MOL,2015.09.29.,12160.0,264350.0
MOL,2015.09.30.,12220.0,119630.0
MOL,2015.10.01.,12490.0,243939.0
MOL,2015.10.02.,12460.0,109837.0
MOL,2015.10.05.,12695.0,140364.0
MOL,2015.10.06.,12755.0,119559.0
MOL,2015.10.07.,13020.0,276148.0
MOL,2015.10.08.,13190.0,140443.0
MOL,2015.10.09.,13340.0,120066.0
MOL,2015.10.12.,13345.0,54650.0
MOL,2015.10.13.,13195.0,116701.0
MOL,2015.10.14.,13145.0,63464.0
MOL,2015.10.15.,13100.0,46104.0
MOL,2015.10.16.,13015.0,97428.0
MOL,2015.10.19.,13250.0,67561.0
MOL,2015.10.20.,13230.0,73527.0
MOL,2015.10.21.,13005.0,59956.0
MOL,2015.10.22.,13200.0,64494.0
MOL,2015.10.26.,13225.0,90039.0
MOL,2015.10.27.,13200.0,31385.0
MOL,2015.10.28.,12990.0,88583.0
MOL,2015.10.29.,12775.0,114949.0
MOL,2015.10.30.,12775.0,107577.0
MOL,2015.11.02.,12715.0,89435.0
MOL,2015.11.03.,12800.0,82149.0
MOL,2015.11.04.,13200.0,163485.0
MOL,2015.11.05.,13300.0,53500.0
MOL,2015.11.06.,13450.0,167688.0
MOL,2015.11.09.,13400.0,94544.0
MOL,2015.11.10.,13375.0,208973.0
MOL,2015.11.11.,13370.0,97530.0
MOL,2015.11.12.,13430.0,65738.0
MOL,2015.11.13.,13500.0,66224.0
MOL,2015.11.16.,13310.0,50663.0
MOL,2015.11.17.,13430.0,71285.0
MOL,2015.11.18.,13740.0,73837.0
MOL,2015.11.19.,13565.0,148307.0
MOL,2015.11.20.,13550.0,30785.0
MOL,2015.11.23.,13765.0,58969.0
MOL,2015.11.24.,13490.0,63012.0
MOL,2015.11.25.,13650.0,82563.0
MOL,2015.11.26.,13810.0,84694.0
MOL,2015.11.27.,13700.0,50803.0
MOL,2015.11.30.,13500.0,145362.0
MOL,2015.12.01.,13585.0,72120.0
MOL,2015.12.02.,13550.0,54309.0
MOL,2015.12.03.,13700.0,89235.0
MOL,2015.12.04.,13805.0,72943.0
MOL,2015.12.07.,13555.0,42997.0
MOL,2015.12.08.,13560.0,41279.0
MOL,2015.12.09.,13520.0,54518.0
MOL,2015.12.10.,13750.0,69378.0
MOL,2015.12.11.,13700.0,141926.0
MOL,2015.12.14.,13740.0,69325.0
MOL,2015.12.15.,13720.0,69264.0
MOL,2015.12.16.,14005.0,183656.0
MOL,2015.12.17.,14090.0,146769.0
MOL,2015.12.18.,14200.0,132653.0
MOL,2015.12.21.,14155.0,80057.0
MOL,2015.12.22.,13860.0,64415.0
MOL,2015.12.23.,13960.0,31538.0
MOL,2015.12.28.,14100.0,47394.0
MOL,2015.12.29.,14245.0,41526.0
MOL,2015.12.30.,14255.0,33403.0
MOL,2016.01.04.,14050.0,58586.0
MOL,2016.01.05.,14150.0,70013.0
MOL,2016.01.06.,14280.0,67100.0
MOL,2016.01.07.,13980.0,175428.0
MOL,2016.01.08.,13950.0,70592.0
MOL,2016.01.11.,13600.0,119108.0
MOL,2016.01.12.,13950.0,115652.0
MOL,2016.01.13.,13795.0,116215.0
MOL,2016.01.14.,13880.0,65762.0
MOL,2016.01.15.,13600.0,106777.0
MOL,2016.01.18.,13200.0,95029.0
MOL,2016.01.19.,13215.0,125230.0
MOL,2016.01.20.,12880.0,130392.0
MOL,2016.01.21.,13095.0,91149.0
MOL,2016.01.22.,13575.0,100409.0
MOL,2016.01.25.,13725.0,99073.0
MOL,2016.01.26.,13795.0,78950.0
MOL,2016.01.27.,13785.0,53020.0
MOL,2016.01.28.,13850.0,127608.0
MOL,2016.01.29.,13940.0,101294.0
MOL,2016.02.01.,13985.0,56861.0
MOL,2016.02.02.,13580.0,94235.0
MOL,2016.02.03.,13510.0,72691.0
MOL,2016.02.04.,13615.0,67564.0
MOL,2016.02.05.,13900.0,92868.0
MOL,2016.02.08.,13780.0,127079.0
MOL,2016.02.09.,13710.0,67753.0
MOL,2016.02.10.,13765.0,42799.0
MOL,2016.02.11.,13555.0,63385.0
MOL,2016.02.12.,13505.0,56438.0
MOL,2016.02.15.,13700.0,62155.0
MOL,2016.02.16.,13700.0,79760.0
MOL,2016.02.17.,13775.0,54835.0
MOL,2016.02.18.,13960.0,96558.0
MOL,2016.02.19.,13935.0,71825.0
MOL,2016.02.22.,14020.0,83467.0
MOL,2016.02.23.,14030.0,65801.0
MOL,2016.02.24.,13885.0,111099.0
MOL,2016.02.25.,13880.0,165555.0
MOL,2016.02.26.,13980.0,79803.0
MOL,2016.02.29.,13910.0,184979.0
MOL,2016.03.01.,14200.0,69457.0
MOL,2016.03.02.,14700.0,290768.0
MOL,2016.03.03.,14900.0,162950.0
MOL,2016.03.04.,15285.0,310936.0
MOL,2016.03.07.,15400.0,274635.0
MOL,2016.03.08.,15500.0,233337.0
MOL,2016.03.09.,15500.0,157105.0
MOL,2016.03.10.,15500.0,135301.0
MOL,2016.03.11.,15960.0,244237.0
MOL,2016.03.16.,16275.0,251909.0
MOL,2016.03.17.,16300.0,321618.0
MOL,2016.03.18.,16410.0,486474.0
MOL,2016.03.21.,16250.0,116209.0
MOL,2016.03.22.,16425.0,160383.0
MOL,2016.03.23.,16195.0,131306.0
MOL,2016.03.24.,15850.0,140820.0
MOL,2016.03.29.,15960.0,156673.0
MOL,2016.03.30.,16440.0,218027.0
MOL,2016.03.31.,16590.0,178745.0
MOL,2016.04.01.,16355.0,171557.0
MOL,2016.04.04.,16390.0,117578.0
MOL,2016.04.05.,16240.0,129197.0
MOL,2016.04.06.,16335.0,110861.0
MOL,2016.04.07.,16290.0,67433.0
MOL,2016.04.08.,16330.0,61316.0
MOL,2016.04.11.,16060.0,113650.0
MOL,2016.04.12.,16070.0,92305.0
MOL,2016.04.13.,16185.0,68178.0
MOL,2016.04.14.,16300.0,99022.0
MOL,2016.04.15.,16450.0,120139.0
MOL,2016.04.18.,16420.0,74471.0
MOL,2016.04.19.,16725.0,173522.0
MOL,2016.04.20.,16875.0,137070.0
MOL,2016.04.21.,16745.0,76886.0
MOL,2016.04.22.,16550.0,71563.0
MOL,2016.04.25.,16500.0,89320.0
MOL,2016.04.26.,16445.0,90909.0
MOL,2016.04.27.,16530.0,78312.0
MOL,2016.04.28.,16440.0,55593.0
MOL,2016.04.29.,16650.0,129415.0
MOL,2016.05.02.,16670.0,37510.0
MOL,2016.05.03.,16320.0,65498.0
MOL,2016.05.04.,16235.0,141155.0
MOL,2016.05.05.,16200.0,47273.0
MOL,2016.05.06.,16235.0,108022.0
MOL,2016.05.09.,16510.0,34136.0
MOL,2016.05.10.,16595.0,64788.0
MOL,2016.05.11.,16490.0,41387.0
MOL,2016.05.12.,16400.0,60974.0
MOL,2016.05.13.,16395.0,54509.0
MOL,2016.05.17.,16150.0,83965.0
MOL,2016.05.18.,16100.0,135850.0
MOL,2016.05.19.,15985.0,86374.0
MOL,2016.05.20.,16500.0,107681.0
MOL,2016.05.23.,16240.0,92351.0
MOL,2016.05.24.,16515.0,96101.0
MOL,2016.05.25.,16360.0,117992.0
MOL,2016.05.26.,16260.0,91748.0
MOL,2016.05.27.,16330.0,106013.0
MOL,2016.05.30.,16465.0,116986.0
MOL,2016.05.31.,15500.0,458284.0
MOL,2016.06.01.,16025.0,208447.0
MOL,2016.06.02.,16305.0,105901.0
MOL,2016.06.03.,16305.0,127590.0
MOL,2016.06.06.,16360.0,57024.0
MOL,2016.06.07.,16565.0,168545.0
MOL,2016.06.08.,16745.0,134899.0
MOL,2016.06.09.,16600.0,87152.0
MOL,2016.06.10.,16430.0,74546.0
MOL,2016.06.13.,16035.0,99776.0
MOL,2016.06.14.,15865.0,119817.0
MOL,2016.06.15.,16000.0,85298.0
MOL,2016.06.16.,15650.0,106013.0
MOL,2016.06.17.,16200.0,143993.0
MOL,2016.06.20.,16370.0,92440.0
MOL,2016.06.21.,16665.0,124321.0
MOL,2016.06.22.,16740.0,98436.0
MOL,2016.06.23.,16740.0,42530.0
MOL,2016.06.24.,16180.0,150413.0
MOL,2016.06.27.,16000.0,72562.0
MOL,2016.06.28.,16650.0,83643.0
MOL,2016.06.29.,16535.0,77632.0
MOL,2016.06.30.,16445.0,139326.0
MOL,2016.07.01.,16605.0,68961.0
MOL,2016.07.04.,16550.0,47091.0
MOL,2016.07.05.,16695.0,59956.0
MOL,2016.07.06.,16700.0,76256.0
MOL,2016.07.07.,17425.0,291642.0
MOL,2016.07.08.,17450.0,90978.0
MOL,2016.07.11.,17540.0,81594.0
MOL,2016.07.12.,17400.0,117569.0
MOL,2016.07.13.,17420.0,85994.0
MOL,2016.07.14.,17450.0,144532.0
MOL,2016.07.15.,17550.0,118637.0
MOL,2016.07.18.,17510.0,69580.0
MOL,2016.07.19.,17595.0,87384.0
MOL,2016.07.20.,17515.0,88876.0
MOL,2016.07.21.,17525.0,51767.0
MOL,2016.07.22.,17670.0,63811.0
MOL,2016.07.25.,17560.0,70743.0
MOL,2016.07.26.,17715.0,86706.0
MOL,2016.07.27.,17700.0,81776.0
MOL,2016.07.28.,17575.0,74987.0
MOL,2016.07.29.,17445.0,114870.0
MOL,2016.08.01.,17065.0,141925.0
MOL,2016.08.02.,17100.0,146690.0
MOL,2016.08.03.,17065.0,60323.0
MOL,2016.08.04.,17155.0,64258.0
MOL,2016.08.05.,17160.0,66373.0
MOL,2016.08.08.,17175.0,45734.0
MOL,2016.08.09.,17290.0,69591.0
MOL,2016.08.10.,17265.0,77997.0
MOL,2016.08.11.,17250.0,107969.0
MOL,2016.08.12.,17300.0,82250.0
MOL,2016.08.15.,17410.0,44815.0
MOL,2016.08.16.,17180.0,73609.0
MOL,2016.08.17.,17380.0,57634.0
MOL,2016.08.18.,17210.0,63356.0
MOL,2016.08.19.,17200.0,39598.0
MOL,2016.08.22.,17280.0,47440.0
MOL,2016.08.23.,17320.0,31718.0
MOL,2016.08.24.,17270.0,27826.0
MOL,2016.08.25.,17285.0,23131.0
MOL,2016.08.26.,17280.0,66796.0
MOL,2016.08.29.,17275.0,21429.0
MOL,2016.08.30.,17435.0,37242.0
MOL,2016.08.31.,17330.0,148840.0
MOL,2016.09.01.,17250.0,38091.0
MOL,2016.09.02.,17220.0,42779.0
MOL,2016.09.05.,17400.0,59483.0
MOL,2016.09.06.,17500.0,55652.0
MOL,2016.09.07.,17475.0,44151.0
MOL,2016.09.08.,17255.0,88790.0
MOL,2016.09.09.,17285.0,35721.0
MOL,2016.09.12.,17055.0,90576.0
MOL,2016.09.13.,16755.0,134174.0
MOL,2016.09.14.,17090.0,78879.0
MOL,2016.09.15.,16915.0,75044.0
MOL,2016.09.16.,16890.0,109281.0
MOL,2016.09.19.,17220.0,98454.0
MOL,2016.09.20.,17135.0,55529.0
MOL,2016.09.21.,17140.0,56218.0
MOL,2016.09.22.,17110.0,63664.0
MOL,2016.09.23.,17200.0,111461.0
MOL,2016.09.26.,16990.0,47738.0
MOL,2016.09.27.,16745.0,56534.0
MOL,2016.09.28.,16795.0,93409.0
MOL,2016.09.29.,17275.0,99543.0
MOL,2016.09.30.,16970.0,95250.0
MOL,2016.10.03.,17200.0,38017.0
MOL,2016.10.04.,17375.0,91437.0
MOL,2016.10.05.,17480.0,57433.0
MOL,2016.10.06.,17335.0,66485.0
MOL,2016.10.07.,17400.0,144731.0
MOL,2016.10.10.,17550.0,63237.0
MOL,2016.10.11.,17550.0,68775.0
MOL,2016.10.12.,17580.0,95334.0
MOL,2016.10.13.,17490.0,111956.0
MOL,2016.10.14.,17525.0,73264.0
MOL,2016.10.17.,17725.0,104110.0
MOL,2016.10.18.,18085.0,179026.0
MOL,2016.10.19.,18200.0,101607.0
MOL,2016.10.20.,18285.0,77297.0
MOL,2016.10.21.,18300.0,200931.0
MOL,2016.10.24.,18330.0,79348.0
MOL,2016.10.25.,18050.0,107029.0
MOL,2016.10.26.,18355.0,94941.0
MOL,2016.10.27.,18295.0,62484.0
MOL,2016.10.28.,18095.0,77580.0
MOL,2016.11.02.,18325.0,189541.0
MOL,2016.11.03.,18310.0,121910.0
MOL,2016.11.04.,18835.0,199013.0
MOL,2016.11.07.,18940.0,123305.0
MOL,2016.11.08.,18770.0,145577.0
MOL,2016.11.09.,18600.0,99216.0
MOL,2016.11.10.,18455.0,134675.0
MOL,2016.11.11.,18520.0,85956.0
MOL,2016.11.14.,18210.0,84997.0
MOL,2016.11.15.,18430.0,110889.0
MOL,2016.11.16.,18190.0,114874.0
MOL,2016.11.17.,18245.0,106350.0
MOL,2016.11.18.,18410.0,49911.0
MOL,2016.11.21.,18190.0,51273.0
MOL,2016.11.22.,18300.0,69033.0
MOL,2016.11.23.,18510.0,44034.0
MOL,2016.11.24.,18450.0,23796.0
MOL,2016.11.25.,18220.0,30239.0
MOL,2016.11.28.,18135.0,26606.0
MOL,2016.11.29.,18130.0,81612.0
MOL,2016.11.30.,18450.0,171923.0
MOL,2016.12.01.,18610.0,115160.0
MOL,2016.12.02.,18425.0,69011.0
MOL,2016.12.05.,18600.0,99863.0
MOL,2016.12.06.,18600.0,76907.0
MOL,2016.12.07.,18700.0,76328.0
MOL,2016.12.08.,19075.0,115255.0
MOL,2016.12.09.,19175.0,110406.0
MOL,2016.12.12.,19125.0,57881.0
MOL,2016.12.13.,19455.0,142043.0
MOL,2016.12.14.,19940.0,194691.0
MOL,2016.12.15.,20085.0,271825.0
MOL,2016.12.16.,20555.0,242391.0
MOL,2016.12.19.,20620.0,160636.0
MOL,2016.12.20.,20790.0,177430.0
MOL,2016.12.21.,20500.0,188922.0
MOL,2016.12.22.,20350.0,100963.0
MOL,2016.12.23.,20100.0,59771.0
MOL,2016.12.27.,20550.0,47407.0
MOL,2016.12.28.,20800.0,90883.0
MOL,2016.12.29.,20600.0,75008.0
MOL,2016.12.30.,20635.0,44149.0
MOL,2017.01.02.,20860.0,16682.0
MOL,2017.01.03.,20900.0,51511.0
MOL,2017.01.04.,21185.0,154046.0
MOL,2017.01.05.,21045.0,124514.0
MOL,2017.01.06.,20985.0,101467.0
MOL,2017.01.09.,21000.0,101101.0
MOL,2017.01.10.,20970.0,111309.0
MOL,2017.01.11.,20820.0,133505.0
MOL,2017.01.12.,21000.0,176716.0
MOL,2017.01.13.,21000.0,78603.0
MOL,2017.01.16.,21000.0,43279.0
MOL,2017.01.17.,20880.0,44067.0
MOL,2017.01.18.,21140.0,82398.0
MOL,2017.01.19.,20775.0,118470.0
MOL,2017.01.20.,20850.0,60567.0
MOL,2017.01.23.,20940.0,61624.0
MOL,2017.01.24.,20405.0,105181.0
MOL,2017.01.25.,20265.0,116801.0
MOL,2017.01.26.,20460.0,44078.0
MOL,2017.01.27.,20300.0,64832.0
MOL,2017.01.30.,20320.0,99867.0
MOL,2017.01.31.,20250.0,98794.0
MOL,2017.02.01.,20140.0,120479.0
MOL,2017.02.02.,20000.0,132933.0
MOL,2017.02.03.,20395.0,88897.0
MOL,2017.02.06.,20300.0,79399.0
MOL,2017.02.07.,20200.0,107991.0
MOL,2017.02.08.,20210.0,71869.0
MOL,2017.02.09.,20450.0,93995.0
MOL,2017.02.10.,20450.0,73397.0
MOL,2017.02.13.,20450.0,59705.0
MOL,2017.02.14.,20455.0,165574.0
MOL,2017.02.15.,20700.0,109093.0
MOL,2017.02.16.,21000.0,185047.0
MOL,2017.02.17.,20730.0,110563.0
MOL,2017.02.20.,20800.0,16868.0
MOL,2017.02.21.,21160.0,121609.0
MOL,2017.02.22.,21025.0,61806.0
MOL,2017.02.23.,20900.0,94149.0
MOL,2017.02.24.,20865.0,104319.0
MOL,2017.02.27.,20840.0,47277.0
MOL,2017.02.28.,19950.0,226068.0
MOL,2017.03.01.,20960.0,141876.0
MOL,2017.03.02.,20620.0,149563.0
MOL,2017.03.03.,20700.0,49497.0
MOL,2017.03.06.,20790.0,70462.0
MOL,2017.03.07.,20090.0,137531.0
MOL,2017.03.08.,20140.0,153986.0
MOL,2017.03.09.,20765.0,121866.0
MOL,2017.03.10.,20595.0,95130.0
MOL,2017.03.13.,20650.0,71179.0
MOL,2017.03.14.,20940.0,341690.0
MOL,2017.03.16.,20975.0,110651.0
MTELEKOM,2014.11.05.,348.0,2180855.0
MTELEKOM,2014.11.06.,343.0,946338.0
MTELEKOM,2014.11.07.,343.0,532817.0
MTELEKOM,2014.11.10.,346.0,451621.0
MTELEKOM,2014.11.11.,349.0,1225889.0
MTELEKOM,2014.11.12.,350.0,1764724.0
MTELEKOM,2014.11.13.,345.0,341438.0
MTELEKOM,2014.11.14.,348.0,791285.0
MTELEKOM,2014.11.17.,342.0,1249435.0
MTELEKOM,2014.11.18.,343.0,174486.0
MTELEKOM,2014.11.19.,347.0,268088.0
MTELEKOM,2014.11.20.,344.0,1227450.0
MTELEKOM,2014.11.21.,340.0,885847.0
MTELEKOM,2014.11.24.,340.0,382793.0
MTELEKOM,2014.11.25.,338.0,758349.0
MTELEKOM,2014.11.26.,339.0,259520.0
MTELEKOM,2014.11.27.,338.0,128883.0
MTELEKOM,2014.11.28.,339.0,396758.0
MTELEKOM,2014.12.01.,334.0,665838.0
MTELEKOM,2014.12.02.,337.0,459956.0
MTELEKOM,2014.12.03.,340.0,302317.0
MTELEKOM,2014.12.04.,343.0,809825.0
MTELEKOM,2014.12.05.,354.0,2060620.0
MTELEKOM,2014.12.08.,354.0,299631.0
MTELEKOM,2014.12.09.,350.0,369668.0
MTELEKOM,2014.12.10.,351.0,779725.0
MTELEKOM,2014.12.11.,348.0,334906.0
MTELEKOM,2014.12.12.,348.0,1240111.0
MTELEKOM,2014.12.15.,343.0,691906.0
MTELEKOM,2014.12.16.,331.0,1746536.0
MTELEKOM,2014.12.17.,339.0,1326862.0
MTELEKOM,2014.12.18.,341.0,721200.0
MTELEKOM,2014.12.19.,339.0,2715579.0
MTELEKOM,2014.12.22.,340.0,770196.0
MTELEKOM,2014.12.23.,337.0,1383296.0
MTELEKOM,2014.12.29.,335.0,279375.0
MTELEKOM,2014.12.30.,338.0,283182.0
MTELEKOM,2015.01.05.,337.0,839992.0
MTELEKOM,2015.01.06.,333.0,979926.0
MTELEKOM,2015.01.07.,336.0,338561.0
MTELEKOM,2015.01.08.,335.0,1435135.0
MTELEKOM,2015.01.09.,333.0,510539.0
MTELEKOM,2015.01.12.,333.0,137487.0
MTELEKOM,2015.01.13.,339.0,1137211.0
MTELEKOM,2015.01.14.,338.0,219466.0
MTELEKOM,2015.01.15.,330.0,1129177.0
MTELEKOM,2015.01.16.,327.0,1559241.0
MTELEKOM,2015.01.19.,334.0,652266.0
MTELEKOM,2015.01.20.,345.0,1540972.0
MTELEKOM,2015.01.21.,342.0,347036.0
MTELEKOM,2015.01.22.,342.0,472468.0
MTELEKOM,2015.01.23.,348.0,856726.0
MTELEKOM,2015.01.26.,356.0,2612751.0
MTELEKOM,2015.01.27.,358.0,1849970.0
MTELEKOM,2015.01.28.,362.0,1178744.0
MTELEKOM,2015.01.29.,361.0,405911.0
MTELEKOM,2015.01.30.,357.0,1266274.0
MTELEKOM,2015.02.02.,362.0,548013.0
MTELEKOM,2015.02.03.,365.0,1865130.0
MTELEKOM,2015.02.04.,367.0,1705283.0
MTELEKOM,2015.02.05.,368.0,601572.0
MTELEKOM,2015.02.06.,364.0,720553.0
MTELEKOM,2015.02.09.,368.0,649989.0
MTELEKOM,2015.02.10.,374.0,1790360.0
MTELEKOM,2015.02.11.,372.0,603758.0
MTELEKOM,2015.02.12.,372.0,485908.0
MTELEKOM,2015.02.13.,372.0,520932.0
MTELEKOM,2015.02.16.,372.0,113408.0
MTELEKOM,2015.02.17.,374.0,935759.0
MTELEKOM,2015.02.18.,372.0,173236.0
MTELEKOM,2015.02.19.,380.0,1746921.0
MTELEKOM,2015.02.20.,374.0,667075.0
MTELEKOM,2015.02.23.,375.0,166803.0
MTELEKOM,2015.02.24.,381.0,768599.0
MTELEKOM,2015.02.25.,380.0,1956143.0
MTELEKOM,2015.02.26.,382.0,5360942.0
MTELEKOM,2015.02.27.,383.0,1543989.0
MTELEKOM,2015.03.02.,390.0,3992407.0
MTELEKOM,2015.03.03.,397.0,4129830.0
MTELEKOM,2015.03.04.,392.0,1323725.0
MTELEKOM,2015.03.05.,396.0,253639.0
MTELEKOM,2015.03.06.,394.0,677706.0
MTELEKOM,2015.03.09.,391.0,1512961.0
MTELEKOM,2015.03.10.,392.0,1199340.0
MTELEKOM,2015.03.11.,391.0,980919.0
MTELEKOM,2015.03.12.,391.0,931499.0
MTELEKOM,2015.03.13.,381.0,1701268.0
MTELEKOM,2015.03.16.,390.0,823620.0
MTELEKOM,2015.03.17.,387.0,1261634.0
MTELEKOM,2015.03.18.,383.0,634011.0
MTELEKOM,2015.03.19.,387.0,974001.0
MTELEKOM,2015.03.20.,386.0,1181742.0
MTELEKOM,2015.03.23.,386.0,881923.0
MTELEKOM,2015.03.24.,387.0,1018960.0
MTELEKOM,2015.03.25.,415.0,6533605.0
MTELEKOM,2015.03.26.,415.0,3115416.0
MTELEKOM,2015.03.27.,417.0,2969437.0
MTELEKOM,2015.03.30.,414.0,2533901.0
MTELEKOM,2015.03.31.,412.0,1184242.0
MTELEKOM,2015.04.01.,412.0,709094.0
MTELEKOM,2015.04.02.,413.0,1807090.0
MTELEKOM,2015.04.07.,419.0,1008905.0
MTELEKOM,2015.04.08.,423.0,1748830.0
MTELEKOM,2015.04.09.,423.0,1160976.0
MTELEKOM,2015.04.10.,424.0,835644.0
MTELEKOM,2015.04.13.,430.0,945222.0
MTELEKOM,2015.04.14.,426.0,1275276.0
MTELEKOM,2015.04.15.,425.0,444981.0
MTELEKOM,2015.04.16.,428.0,396238.0
MTELEKOM,2015.04.17.,418.0,653820.0
MTELEKOM,2015.04.20.,420.0,358987.0
MTELEKOM,2015.04.21.,400.0,2578827.0
MTELEKOM,2015.04.22.,405.0,1940349.0
MTELEKOM,2015.04.23.,410.0,346808.0
MTELEKOM,2015.04.24.,410.0,708357.0
MTELEKOM,2015.04.27.,410.0,556147.0
MTELEKOM,2015.04.28.,406.0,650635.0
MTELEKOM,2015.04.29.,405.0,2241790.0
MTELEKOM,2015.04.30.,405.0,895298.0
MTELEKOM,2015.05.04.,409.0,300544.0
MTELEKOM,2015.05.05.,408.0,357562.0
MTELEKOM,2015.05.06.,410.0,1014405.0
MTELEKOM,2015.05.07.,415.0,869709.0
MTELEKOM,2015.05.08.,418.0,591741.0
MTELEKOM,2015.05.11.,419.0,1128763.0
MTELEKOM,2015.05.12.,419.0,1644688.0
MTELEKOM,2015.05.13.,415.0,1908247.0
MTELEKOM,2015.05.14.,419.0,834054.0
MTELEKOM,2015.05.15.,421.0,1027615.0
MTELEKOM,2015.05.18.,420.0,294345.0
MTELEKOM,2015.05.19.,426.0,658212.0
MTELEKOM,2015.05.20.,420.0,530493.0
MTELEKOM,2015.05.21.,423.0,810621.0
MTELEKOM,2015.05.22.,420.0,340345.0
MTELEKOM,2015.05.26.,415.0,970915.0
MTELEKOM,2015.05.27.,416.0,1218925.0
MTELEKOM,2015.05.28.,416.0,171627.0
MTELEKOM,2015.05.29.,416.0,1088626.0
MTELEKOM,2015.06.01.,421.0,559656.0
MTELEKOM,2015.06.02.,425.0,2059226.0
MTELEKOM,2015.06.03.,432.0,1491394.0
MTELEKOM,2015.06.04.,430.0,1004306.0
MTELEKOM,2015.06.05.,428.0,291806.0
MTELEKOM,2015.06.08.,430.0,1515918.0
MTELEKOM,2015.06.09.,427.0,3112030.0
MTELEKOM,2015.06.10.,423.0,1629461.0
MTELEKOM,2015.06.11.,414.0,1185073.0
MTELEKOM,2015.06.12.,413.0,641453.0
MTELEKOM,2015.06.15.,409.0,563074.0
MTELEKOM,2015.06.16.,409.0,699251.0
MTELEKOM,2015.06.17.,403.0,1297855.0
MTELEKOM,2015.06.18.,402.0,693287.0
MTELEKOM,2015.06.19.,401.0,663348.0
MTELEKOM,2015.06.22.,404.0,906291.0
MTELEKOM,2015.06.23.,408.0,1125676.0
MTELEKOM,2015.06.24.,402.0,1028149.0
MTELEKOM,2015.06.25.,401.0,2452373.0
MTELEKOM,2015.06.26.,400.0,2541850.0
MTELEKOM,2015.06.29.,395.0,1102589.0
MTELEKOM,2015.06.30.,395.0,1037445.0
MTELEKOM,2015.07.01.,398.0,1156742.0
MTELEKOM,2015.07.02.,395.0,326029.0
MTELEKOM,2015.07.03.,395.0,495157.0
MTELEKOM,2015.07.06.,399.0,240244.0
MTELEKOM,2015.07.07.,397.0,823213.0
MTELEKOM,2015.07.08.,396.0,333337.0
MTELEKOM,2015.07.09.,392.0,823611.0
MTELEKOM,2015.07.10.,394.0,758789.0
MTELEKOM,2015.07.13.,393.0,604204.0
MTELEKOM,2015.07.14.,396.0,450837.0
MTELEKOM,2015.07.15.,393.0,1140549.0
MTELEKOM,2015.07.16.,394.0,2878018.0
MTELEKOM,2015.07.17.,398.0,1178649.0
MTELEKOM,2015.07.20.,400.0,1969247.0
MTELEKOM,2015.07.21.,403.0,1728487.0
MTELEKOM,2015.07.22.,404.0,1608552.0
MTELEKOM,2015.07.23.,405.0,1923763.0
MTELEKOM,2015.07.24.,409.0,494647.0
MTELEKOM,2015.07.27.,404.0,1035447.0
MTELEKOM,2015.07.28.,401.0,802116.0
MTELEKOM,2015.07.29.,404.0,1145833.0
MTELEKOM,2015.07.30.,404.0,1030780.0
MTELEKOM,2015.07.31.,406.0,695764.0
MTELEKOM,2015.08.03.,411.0,555667.0
MTELEKOM,2015.08.04.,409.0,1144327.0
MTELEKOM,2015.08.05.,413.0,1654566.0
MTELEKOM,2015.08.06.,412.0,2752118.0
MTELEKOM,2015.08.07.,409.0,349373.0
MTELEKOM,2015.08.10.,411.0,530381.0
MTELEKOM,2015.08.11.,409.0,1279081.0
MTELEKOM,2015.08.12.,405.0,1634962.0
MTELEKOM,2015.08.13.,408.0,283050.0
MTELEKOM,2015.08.14.,406.0,391340.0
MTELEKOM,2015.08.17.,404.0,102311.0
MTELEKOM,2015.08.18.,400.0,778706.0
MTELEKOM,2015.08.19.,397.0,1028821.0
MTELEKOM,2015.08.24.,382.0,2887279.0
MTELEKOM,2015.08.25.,388.0,795308.0
MTELEKOM,2015.08.26.,389.0,444069.0
MTELEKOM,2015.08.27.,395.0,666067.0
MTELEKOM,2015.08.28.,395.0,347013.0
MTELEKOM,2015.08.31.,398.0,502290.0
MTELEKOM,2015.09.01.,393.0,1114752.0
MTELEKOM,2015.09.02.,391.0,1106754.0
MTELEKOM,2015.09.03.,397.0,333442.0
MTELEKOM,2015.09.04.,394.0,247558.0
MTELEKOM,2015.09.07.,393.0,132024.0
MTELEKOM,2015.09.08.,391.0,90865.0
MTELEKOM,2015.09.09.,390.0,341844.0
MTELEKOM,2015.09.10.,389.0,388201.0
MTELEKOM,2015.09.11.,390.0,152484.0
MTELEKOM,2015.09.14.,394.0,113812.0
MTELEKOM,2015.09.15.,396.0,429313.0
MTELEKOM,2015.09.16.,396.0,894168.0
MTELEKOM,2015.09.17.,392.0,785748.0
MTELEKOM,2015.09.18.,386.0,880677.0
MTELEKOM,2015.09.21.,387.0,910646.0
MTELEKOM,2015.09.22.,381.0,828608.0
MTELEKOM,2015.09.23.,379.0,814835.0
MTELEKOM,2015.09.24.,380.0,768222.0
MTELEKOM,2015.09.25.,386.0,309627.0
MTELEKOM,2015.09.28.,386.0,269196.0
MTELEKOM,2015.09.29.,386.0,308584.0
MTELEKOM,2015.09.30.,390.0,349637.0
MTELEKOM,2015.10.01.,388.0,364098.0
MTELEKOM,2015.10.02.,388.0,453615.0
MTELEKOM,2015.10.05.,391.0,363811.0
MTELEKOM,2015.10.06.,396.0,233282.0
MTELEKOM,2015.10.07.,397.0,884980.0
MTELEKOM,2015.10.08.,397.0,413894.0
MTELEKOM,2015.10.09.,397.0,241897.0
MTELEKOM,2015.10.12.,399.0,199571.0
MTELEKOM,2015.10.13.,396.0,374857.0
MTELEKOM,2015.10.14.,389.0,1036718.0
MTELEKOM,2015.10.15.,387.0,1057763.0
MTELEKOM,2015.10.16.,386.0,1153370.0
MTELEKOM,2015.10.19.,386.0,437203.0
MTELEKOM,2015.10.20.,382.0,2733885.0
MTELEKOM,2015.10.21.,382.0,1331506.0
MTELEKOM,2015.10.22.,382.0,972515.0
MTELEKOM,2015.10.26.,382.0,1932020.0
MTELEKOM,2015.10.27.,384.0,1964475.0
MTELEKOM,2015.10.28.,387.0,572935.0
MTELEKOM,2015.10.29.,390.0,1898326.0
MTELEKOM,2015.10.30.,392.0,751609.0
MTELEKOM,2015.11.02.,393.0,637435.0
MTELEKOM,2015.11.03.,393.0,1168913.0
MTELEKOM,2015.11.04.,392.0,1920230.0
MTELEKOM,2015.11.05.,392.0,929304.0
MTELEKOM,2015.11.06.,393.0,359907.0
MTELEKOM,2015.11.09.,393.0,666942.0
MTELEKOM,2015.11.10.,389.0,1114183.0
MTELEKOM,2015.11.11.,391.0,446681.0
MTELEKOM,2015.11.12.,398.0,790845.0
MTELEKOM,2015.11.13.,395.0,266069.0
MTELEKOM,2015.11.16.,406.0,2464823.0
MTELEKOM,2015.11.17.,410.0,1791049.0
MTELEKOM,2015.11.18.,409.0,738137.0
MTELEKOM,2015.11.19.,409.0,1971775.0
MTELEKOM,2015.11.20.,411.0,527543.0
MTELEKOM,2015.11.23.,411.0,427685.0
MTELEKOM,2015.11.24.,407.0,312517.0
MTELEKOM,2015.11.25.,404.0,480588.0
MTELEKOM,2015.11.26.,408.0,389893.0
MTELEKOM,2015.11.27.,407.0,279225.0
MTELEKOM,2015.11.30.,402.0,902124.0
MTELEKOM,2015.12.01.,404.0,426486.0
MTELEKOM,2015.12.02.,404.0,311895.0
MTELEKOM,2015.12.03.,412.0,2714729.0
MTELEKOM,2015.12.04.,417.0,517094.0
MTELEKOM,2015.12.07.,414.0,532355.0
MTELEKOM,2015.12.08.,411.0,365716.0
MTELEKOM,2015.12.09.,410.0,740970.0
MTELEKOM,2015.12.10.,414.0,1139857.0
MTELEKOM,2015.12.11.,409.0,1957506.0
MTELEKOM,2015.12.14.,409.0,946503.0
MTELEKOM,2015.12.15.,405.0,537021.0
MTELEKOM,2015.12.16.,405.0,1054387.0
MTELEKOM,2015.12.17.,397.0,6342887.0
MTELEKOM,2015.12.18.,401.0,1645309.0
MTELEKOM,2015.12.21.,402.0,375583.0
MTELEKOM,2015.12.22.,400.0,352581.0
MTELEKOM,2015.12.23.,405.0,345424.0
MTELEKOM,2015.12.28.,408.0,680063.0
MTELEKOM,2015.12.29.,410.0,321805.0
MTELEKOM,2015.12.30.,406.0,166933.0
MTELEKOM,2016.01.04.,406.0,389774.0
MTELEKOM,2016.01.05.,407.0,619857.0
MTELEKOM,2016.01.06.,409.0,495858.0
MTELEKOM,2016.01.07.,405.0,778557.0
MTELEKOM,2016.01.08.,405.0,174621.0
MTELEKOM,2016.01.11.,405.0,1191182.0
MTELEKOM,2016.01.12.,408.0,446417.0
MTELEKOM,2016.01.13.,406.0,644752.0
MTELEKOM,2016.01.14.,401.0,1684905.0
MTELEKOM,2016.01.15.,400.0,1386092.0
MTELEKOM,2016.01.18.,397.0,885480.0
MTELEKOM,2016.01.19.,400.0,301489.0
MTELEKOM,2016.01.20.,395.0,1233213.0
MTELEKOM,2016.01.21.,398.0,526757.0
MTELEKOM,2016.01.22.,396.0,657372.0
MTELEKOM,2016.01.25.,397.0,200616.0
MTELEKOM,2016.01.26.,396.0,386159.0
MTELEKOM,2016.01.27.,397.0,336714.0
MTELEKOM,2016.01.28.,395.0,472136.0
MTELEKOM,2016.01.29.,396.0,851999.0
MTELEKOM,2016.02.01.,397.0,938824.0
MTELEKOM,2016.02.02.,396.0,869908.0
MTELEKOM,2016.02.03.,395.0,710512.0
MTELEKOM,2016.02.04.,394.0,1438180.0
MTELEKOM,2016.02.05.,394.0,536581.0
MTELEKOM,2016.02.08.,393.0,406114.0
MTELEKOM,2016.02.09.,391.0,1549162.0
MTELEKOM,2016.02.10.,390.0,810532.0
MTELEKOM,2016.02.11.,387.0,835863.0
MTELEKOM,2016.02.12.,387.0,1134850.0
MTELEKOM,2016.02.15.,394.0,859010.0
MTELEKOM,2016.02.16.,393.0,1247543.0
MTELEKOM,2016.02.17.,395.0,993581.0
MTELEKOM,2016.02.18.,400.0,1004176.0
MTELEKOM,2016.02.19.,404.0,1493209.0
MTELEKOM,2016.02.22.,409.0,1509771.0
MTELEKOM,2016.02.23.,414.0,1542159.0
MTELEKOM,2016.02.24.,410.0,1389970.0
MTELEKOM,2016.02.25.,429.0,6160490.0
MTELEKOM,2016.02.26.,432.0,2768562.0
MTELEKOM,2016.02.29.,427.0,1758329.0
MTELEKOM,2016.03.01.,441.0,5334285.0
MTELEKOM,2016.03.02.,439.0,2487492.0
MTELEKOM,2016.03.03.,440.0,1260024.0
MTELEKOM,2016.03.04.,444.0,2423345.0
MTELEKOM,2016.03.07.,447.0,2049028.0
MTELEKOM,2016.03.08.,444.0,2932920.0
MTELEKOM,2016.03.09.,440.0,2103343.0
MTELEKOM,2016.03.10.,436.0,2101206.0
MTELEKOM,2016.03.11.,436.0,1726331.0
MTELEKOM,2016.03.16.,440.0,2383024.0
MTELEKOM,2016.03.17.,438.0,1882782.0
MTELEKOM,2016.03.18.,440.0,3209456.0
MTELEKOM,2016.03.21.,438.0,2236244.0
MTELEKOM,2016.03.22.,440.0,3559890.0
MTELEKOM,2016.03.23.,440.0,1435937.0
MTELEKOM,2016.03.24.,439.0,1817498.0
MTELEKOM,2016.03.29.,441.0,1490176.0
MTELEKOM,2016.03.30.,452.0,2393611.0
MTELEKOM,2016.03.31.,456.0,2130726.0
MTELEKOM,2016.04.01.,459.0,2352306.0
MTELEKOM,2016.04.04.,459.0,765161.0
MTELEKOM,2016.04.05.,458.0,1140061.0
MTELEKOM,2016.04.06.,469.0,2249214.0
MTELEKOM,2016.04.07.,470.0,1521840.0
MTELEKOM,2016.04.08.,470.0,884648.0
MTELEKOM,2016.04.11.,469.0,1561230.0
MTELEKOM,2016.04.12.,463.0,1468044.0
MTELEKOM,2016.04.13.,467.0,922069.0
MTELEKOM,2016.04.14.,471.0,871946.0
MTELEKOM,2016.04.15.,473.0,820906.0
MTELEKOM,2016.04.18.,470.0,498532.0
MTELEKOM,2016.04.19.,470.0,792658.0
MTELEKOM,2016.04.20.,469.0,610377.0
MTELEKOM,2016.04.21.,465.0,554178.0
MTELEKOM,2016.04.22.,468.0,210404.0
MTELEKOM,2016.04.25.,470.0,228357.0
MTELEKOM,2016.04.26.,468.0,427713.0
MTELEKOM,2016.04.27.,470.0,658475.0
MTELEKOM,2016.04.28.,471.0,515574.0
MTELEKOM,2016.04.29.,473.0,805905.0
MTELEKOM,2016.05.02.,474.0,1295468.0
MTELEKOM,2016.05.03.,471.0,1246170.0
MTELEKOM,2016.05.04.,462.0,2110954.0
MTELEKOM,2016.05.05.,470.0,1020704.0
MTELEKOM,2016.05.06.,465.0,805794.0
MTELEKOM,2016.05.09.,466.0,686539.0
MTELEKOM,2016.05.10.,465.0,1162732.0
MTELEKOM,2016.05.11.,467.0,2229940.0
MTELEKOM,2016.05.12.,455.0,1334407.0
MTELEKOM,2016.05.13.,454.0,484421.0
MTELEKOM,2016.05.17.,452.0,1301725.0
MTELEKOM,2016.05.18.,447.0,1876439.0
MTELEKOM,2016.05.19.,438.0,2037890.0
MTELEKOM,2016.05.20.,446.0,746134.0
MTELEKOM,2016.05.23.,451.0,778611.0
MTELEKOM,2016.05.24.,456.0,1419595.0
MTELEKOM,2016.05.25.,456.0,506281.0
MTELEKOM,2016.05.26.,458.0,424412.0
MTELEKOM,2016.05.27.,459.0,769879.0
MTELEKOM,2016.05.30.,458.0,180006.0
MTELEKOM,2016.05.31.,452.0,809867.0
MTELEKOM,2016.06.01.,457.0,515035.0
MTELEKOM,2016.06.02.,459.0,839797.0
MTELEKOM,2016.06.03.,453.0,406796.0
MTELEKOM,2016.06.06.,451.0,248326.0
MTELEKOM,2016.06.07.,450.0,859416.0
MTELEKOM,2016.06.08.,446.0,544431.0
MTELEKOM,2016.06.09.,447.0,479434.0
MTELEKOM,2016.06.10.,442.0,233384.0
MTELEKOM,2016.06.13.,436.0,1022139.0
MTELEKOM,2016.06.14.,429.0,1577752.0
MTELEKOM,2016.06.15.,435.0,701008.0
MTELEKOM,2016.06.16.,433.0,361874.0
MTELEKOM,2016.06.17.,435.0,1176638.0
MTELEKOM,2016.06.20.,445.0,511004.0
MTELEKOM,2016.06.21.,444.0,645794.0
MTELEKOM,2016.06.22.,451.0,660723.0
MTELEKOM,2016.06.23.,455.0,597549.0
MTELEKOM,2016.06.24.,439.0,1822001.0
MTELEKOM,2016.06.27.,436.0,1022891.0
MTELEKOM,2016.06.28.,444.0,862163.0
MTELEKOM,2016.06.29.,445.0,1063017.0
MTELEKOM,2016.06.30.,446.0,1323286.0
MTELEKOM,2016.07.01.,439.0,813263.0
MTELEKOM,2016.07.04.,436.0,567772.0
MTELEKOM,2016.07.05.,437.0,515067.0
MTELEKOM,2016.07.06.,433.0,921347.0
MTELEKOM,2016.07.07.,435.0,3692527.0
MTELEKOM,2016.07.08.,435.0,1258310.0
MTELEKOM,2016.07.11.,438.0,1237990.0
MTELEKOM,2016.07.12.,445.0,1564378.0
MTELEKOM,2016.07.13.,447.0,3115459.0
MTELEKOM,2016.07.14.,448.0,1070512.0
MTELEKOM,2016.07.15.,448.0,742001.0
MTELEKOM,2016.07.18.,447.0,1077511.0
MTELEKOM,2016.07.19.,445.0,1298818.0
MTELEKOM,2016.07.20.,445.0,1057307.0
MTELEKOM,2016.07.21.,444.0,874997.0
MTELEKOM,2016.07.22.,446.0,649875.0
MTELEKOM,2016.07.25.,448.0,569290.0
MTELEKOM,2016.07.26.,446.0,406000.0
MTELEKOM,2016.07.27.,444.0,1385885.0
MTELEKOM,2016.07.28.,447.0,750615.0
MTELEKOM,2016.07.29.,445.0,1653503.0
MTELEKOM,2016.08.01.,446.0,358819.0
MTELEKOM,2016.08.02.,443.0,851831.0
MTELEKOM,2016.08.03.,446.0,761462.0
MTELEKOM,2016.08.04.,445.0,690359.0
MTELEKOM,2016.08.05.,445.0,717885.0
MTELEKOM,2016.08.08.,438.0,424936.0
MTELEKOM,2016.08.09.,436.0,751835.0
MTELEKOM,2016.08.10.,431.0,1945857.0
MTELEKOM,2016.08.11.,435.0,839357.0
MTELEKOM,2016.08.12.,441.0,470877.0
MTELEKOM,2016.08.15.,438.0,198428.0
MTELEKOM,2016.08.16.,436.0,354708.0
MTELEKOM,2016.08.17.,440.0,289555.0
MTELEKOM,2016.08.18.,441.0,373535.0
MTELEKOM,2016.08.19.,436.0,185187.0
MTELEKOM,2016.08.22.,437.0,207508.0
MTELEKOM,2016.08.23.,437.0,434343.0
MTELEKOM,2016.08.24.,433.0,841861.0
MTELEKOM,2016.08.25.,435.0,528904.0
MTELEKOM,2016.08.26.,435.0,278884.0
MTELEKOM,2016.08.29.,435.0,373902.0
MTELEKOM,2016.08.30.,433.0,438041.0
MTELEKOM,2016.08.31.,433.0,854757.0
MTELEKOM,2016.09.01.,432.0,1282780.0
MTELEKOM,2016.09.02.,436.0,2049146.0
MTELEKOM,2016.09.05.,438.0,484533.0
MTELEKOM,2016.09.06.,444.0,888505.0
MTELEKOM,2016.09.07.,447.0,943867.0
MTELEKOM,2016.09.08.,451.0,1301663.0
MTELEKOM,2016.09.09.,450.0,692219.0
MTELEKOM,2016.09.12.,447.0,676853.0
MTELEKOM,2016.09.13.,445.0,600828.0
MTELEKOM,2016.09.14.,443.0,1028842.0
MTELEKOM,2016.09.15.,445.0,871834.0
MTELEKOM,2016.09.16.,450.0,1414314.0
MTELEKOM,2016.09.19.,454.0,1218026.0
MTELEKOM,2016.09.20.,450.0,561434.0
MTELEKOM,2016.09.21.,450.0,493367.0
MTELEKOM,2016.09.22.,452.0,600728.0
MTELEKOM,2016.09.23.,454.0,349869.0
MTELEKOM,2016.09.26.,447.0,636456.0
MTELEKOM,2016.09.27.,449.0,710248.0
MTELEKOM,2016.09.28.,452.0,545451.0
MTELEKOM,2016.09.29.,448.0,771193.0
MTELEKOM,2016.09.30.,450.0,1014662.0
MTELEKOM,2016.10.03.,450.0,594588.0
MTELEKOM,2016.10.04.,450.0,399894.0
MTELEKOM,2016.10.05.,452.0,697340.0
MTELEKOM,2016.10.06.,456.0,543980.0
MTELEKOM,2016.10.07.,461.0,1158046.0
MTELEKOM,2016.10.10.,459.0,642956.0
MTELEKOM,2016.10.11.,455.0,492039.0
MTELEKOM,2016.10.12.,453.0,542696.0
MTELEKOM,2016.10.13.,450.0,560247.0
MTELEKOM,2016.10.14.,453.0,366028.0
MTELEKOM,2016.10.17.,458.0,495563.0
MTELEKOM,2016.10.18.,457.0,818662.0
MTELEKOM,2016.10.19.,461.0,844449.0
MTELEKOM,2016.10.20.,463.0,992714.0
MTELEKOM,2016.10.21.,467.0,4085074.0
MTELEKOM,2016.10.24.,472.0,852175.0
MTELEKOM,2016.10.25.,467.0,1221581.0
MTELEKOM,2016.10.26.,470.0,289374.0
MTELEKOM,2016.10.27.,467.0,488730.0
MTELEKOM,2016.10.28.,465.0,359589.0
MTELEKOM,2016.11.02.,461.0,717215.0
MTELEKOM,2016.11.03.,467.0,351937.0
MTELEKOM,2016.11.04.,470.0,842872.0
MTELEKOM,2016.11.07.,484.0,3093588.0
MTELEKOM,2016.11.08.,486.0,2321657.0
MTELEKOM,2016.11.09.,486.0,2745055.0
MTELEKOM,2016.11.10.,484.0,3168295.0
MTELEKOM,2016.11.11.,483.0,1096541.0
MTELEKOM,2016.11.14.,480.0,1558708.0
MTELEKOM,2016.11.15.,479.0,1093277.0
MTELEKOM,2016.11.16.,479.0,644414.0
MTELEKOM,2016.11.17.,485.0,2480812.0
MTELEKOM,2016.11.18.,481.0,923301.0
MTELEKOM,2016.11.21.,485.0,415956.0
MTELEKOM,2016.11.22.,487.0,678461.0
MTELEKOM,2016.11.23.,496.0,2518497.0
MTELEKOM,2016.11.24.,492.0,933468.0
MTELEKOM,2016.11.25.,495.0,882370.0
MTELEKOM,2016.11.28.,492.0,281576.0
MTELEKOM,2016.11.29.,487.0,1005803.0
MTELEKOM,2016.11.30.,492.0,1074443.0
MTELEKOM,2016.12.01.,488.0,588506.0
MTELEKOM,2016.12.02.,484.0,835851.0
MTELEKOM,2016.12.05.,489.0,643825.0
MTELEKOM,2016.12.06.,487.0,513279.0
MTELEKOM,2016.12.07.,484.0,1263628.0
MTELEKOM,2016.12.08.,487.0,2424788.0
MTELEKOM,2016.12.09.,488.0,759769.0
MTELEKOM,2016.12.12.,489.0,466034.0
MTELEKOM,2016.12.13.,489.0,1092322.0
MTELEKOM,2016.12.14.,486.0,1347659.0
MTELEKOM,2016.12.15.,489.0,704886.0
MTELEKOM,2016.12.16.,491.0,1923487.0
MTELEKOM,2016.12.19.,491.0,498045.0
MTELEKOM,2016.12.20.,488.0,781666.0
MTELEKOM,2016.12.21.,490.0,471795.0
MTELEKOM,2016.12.22.,495.0,1751883.0
MTELEKOM,2016.12.23.,496.0,696419.0
MTELEKOM,2016.12.27.,496.0,1683005.0
MTELEKOM,2016.12.28.,497.0,375521.0
MTELEKOM,2016.12.29.,497.0,556820.0
MTELEKOM,2016.12.30.,498.0,642408.0
MTELEKOM,2017.01.02.,502.0,1490342.0
MTELEKOM,2017.01.03.,506.0,1247095.0
MTELEKOM,2017.01.04.,512.0,2463795.0
MTELEKOM,2017.01.05.,508.0,1381418.0
MTELEKOM,2017.01.06.,511.0,857494.0
MTELEKOM,2017.01.09.,510.0,432665.0
MTELEKOM,2017.01.10.,516.0,4785781.0
MTELEKOM,2017.01.11.,512.0,3074485.0
MTELEKOM,2017.01.12.,509.0,2388839.0
MTELEKOM,2017.01.13.,503.0,3372294.0
MTELEKOM,2017.01.16.,509.0,1655609.0
MTELEKOM,2017.01.17.,504.0,1081100.0
MTELEKOM,2017.01.18.,509.0,1174650.0
MTELEKOM,2017.01.19.,505.0,814815.0
MTELEKOM,2017.01.20.,509.0,1163841.0
MTELEKOM,2017.01.23.,508.0,199953.0
MTELEKOM,2017.01.24.,514.0,1062258.0
MTELEKOM,2017.01.25.,519.0,2083865.0
MTELEKOM,2017.01.26.,517.0,1117407.0
MTELEKOM,2017.01.27.,515.0,696431.0
MTELEKOM,2017.01.30.,513.0,554642.0
MTELEKOM,2017.01.31.,513.0,1537181.0
MTELEKOM,2017.02.01.,515.0,600497.0
MTELEKOM,2017.02.02.,511.0,869106.0
MTELEKOM,2017.02.03.,514.0,1356090.0
MTELEKOM,2017.02.06.,511.0,865055.0
MTELEKOM,2017.02.07.,517.0,936034.0
MTELEKOM,2017.02.08.,512.0,601289.0
MTELEKOM,2017.02.09.,519.0,939958.0
MTELEKOM,2017.02.10.,516.0,914728.0
MTELEKOM,2017.02.13.,517.0,912149.0
MTELEKOM,2017.02.14.,519.0,1518892.0
MTELEKOM,2017.02.15.,525.0,2058830.0
MTELEKOM,2017.02.16.,525.0,1462405.0
MTELEKOM,2017.02.17.,522.0,1602840.0
MTELEKOM,2017.02.20.,522.0,994395.0
MTELEKOM,2017.02.21.,521.0,1296084.0
MTELEKOM,2017.02.22.,523.0,1124832.0
MTELEKOM,2017.02.23.,503.0,7812804.0
MTELEKOM,2017.02.24.,490.0,8817938.0
MTELEKOM,2017.02.27.,495.0,1935980.0
MTELEKOM,2017.02.28.,490.0,1811420.0
MTELEKOM,2017.03.01.,502.0,1707690.0
MTELEKOM,2017.03.02.,501.0,1524211.0
MTELEKOM,2017.03.03.,498.0,1098496.0
MTELEKOM,2017.03.06.,501.0,1664740.0
MTELEKOM,2017.03.07.,500.0,1533938.0
MTELEKOM,2017.03.08.,500.0,684658.0
MTELEKOM,2017.03.09.,502.0,797896.0
MTELEKOM,2017.03.10.,501.0,400106.0
MTELEKOM,2017.03.13.,501.0,577221.0
MTELEKOM,2017.03.14.,495.0,1548100.0
MTELEKOM,2017.03.16.,491.0,3570720.0
OTP,2014.11.05.,3941.0,509590.0
OTP,2014.11.06.,3950.0,518392.0
OTP,2014.11.07.,3901.0,917981.0
OTP,2014.11.10.,4100.0,2042053.0
OTP,2014.11.11.,4050.0,605196.0
OTP,2014.11.12.,4080.0,1049053.0
OTP,2014.11.13.,4082.0,323009.0
OTP,2014.11.14.,4010.0,852908.0
OTP,2014.11.17.,3996.0,352074.0
OTP,2014.11.18.,4010.0,450268.0
OTP,2014.11.19.,4025.0,278113.0
OTP,2014.11.20.,3970.0,1029883.0
OTP,2014.11.21.,3987.0,747743.0
OTP,2014.11.24.,3970.0,307391.0
OTP,2014.11.25.,3995.0,628232.0
OTP,2014.11.26.,3976.0,188235.0
OTP,2014.11.27.,3971.0,196992.0
OTP,2014.11.28.,3966.0,670839.0
OTP,2014.12.01.,3913.0,865748.0
OTP,2014.12.02.,3930.0,404136.0
OTP,2014.12.03.,3970.0,195896.0
OTP,2014.12.04.,4001.0,471890.0
OTP,2014.12.05.,4080.0,688340.0
OTP,2014.12.08.,4080.0,344808.0
OTP,2014.12.09.,4046.0,691303.0
OTP,2014.12.10.,4100.0,1011904.0
OTP,2014.12.11.,4105.0,938466.0
OTP,2014.12.12.,4080.0,3486303.0
OTP,2014.12.15.,3960.0,2113521.0
OTP,2014.12.16.,3684.0,3967666.0
OTP,2014.12.17.,3735.0,2040718.0
OTP,2014.12.18.,3705.0,1459775.0
OTP,2014.12.19.,3755.0,1066060.0
OTP,2014.12.22.,3803.0,333680.0
OTP,2014.12.23.,3805.0,341064.0
OTP,2014.12.29.,3780.0,213507.0
OTP,2014.12.30.,3811.0,302389.0
OTP,2015.01.05.,3760.0,853720.0
OTP,2015.01.06.,3660.0,1071976.0
OTP,2015.01.07.,3610.0,1358789.0
OTP,2015.01.08.,3725.0,944433.0
OTP,2015.01.09.,3650.0,582785.0
OTP,2015.01.12.,3621.0,705646.0
OTP,2015.01.13.,3619.0,669725.0
OTP,2015.01.14.,3600.0,946292.0
OTP,2015.01.15.,3479.0,4165499.0
OTP,2015.01.16.,3554.0,1256450.0
OTP,2015.01.19.,3580.0,223950.0
OTP,2015.01.20.,3688.0,924104.0
OTP,2015.01.21.,3733.0,1023075.0
OTP,2015.01.22.,3815.0,965022.0
OTP,2015.01.23.,3779.0,1013098.0
OTP,2015.01.26.,3847.0,703672.0
OTP,2015.01.27.,3795.0,895547.0
OTP,2015.01.28.,3733.0,791540.0
OTP,2015.01.29.,3697.0,1455967.0
OTP,2015.01.30.,3650.0,1565443.0
OTP,2015.02.02.,3655.0,648159.0
OTP,2015.02.03.,3830.0,1899464.0
OTP,2015.02.04.,3881.0,1198990.0
OTP,2015.02.05.,3875.0,2373149.0
OTP,2015.02.06.,3920.0,1039437.0
OTP,2015.02.09.,4110.0,3481653.0
OTP,2015.02.10.,4291.0,5664868.0
OTP,2015.02.11.,4282.0,2068320.0
OTP,2015.02.12.,4411.0,2901549.0
OTP,2015.02.13.,4370.0,1086011.0
OTP,2015.02.16.,4325.0,543767.0
OTP,2015.02.17.,4293.0,1109175.0
OTP,2015.02.18.,4305.0,1024474.0
OTP,2015.02.19.,4300.0,643395.0
OTP,2015.02.20.,4285.0,792138.0
OTP,2015.02.23.,4330.0,767937.0
OTP,2015.02.24.,4400.0,1437958.0
OTP,2015.02.25.,4395.0,289781.0
OTP,2015.02.26.,4345.0,679009.0
OTP,2015.02.27.,4285.0,1120842.0
OTP,2015.03.02.,4260.0,637275.0
OTP,2015.03.03.,4150.0,1041773.0
OTP,2015.03.04.,4200.0,1127772.0
OTP,2015.03.05.,4179.0,603404.0
OTP,2015.03.06.,4360.0,1244775.0
OTP,2015.03.09.,4526.0,2463117.0
OTP,2015.03.10.,4585.0,2148751.0
OTP,2015.03.11.,4735.0,2048261.0
OTP,2015.03.12.,4710.0,2282992.0
OTP,2015.03.13.,4700.0,861792.0
OTP,2015.03.16.,4695.0,418707.0
OTP,2015.03.17.,4680.0,1224815.0
OTP,2015.03.18.,4667.0,1344746.0
OTP,2015.03.19.,4871.0,1984161.0
OTP,2015.03.20.,5100.0,2224921.0
OTP,2015.03.23.,5101.0,2442745.0
OTP,2015.03.24.,5105.0,2073886.0
OTP,2015.03.25.,5440.0,3991187.0
OTP,2015.03.26.,5400.0,3357268.0
OTP,2015.03.27.,5300.0,1295497.0
OTP,2015.03.30.,5369.0,816736.0
OTP,2015.03.31.,5304.0,1038485.0
OTP,2015.04.01.,5301.0,517158.0
OTP,2015.04.02.,5300.0,889121.0
OTP,2015.04.07.,5350.0,815617.0
OTP,2015.04.08.,5339.0,843291.0
OTP,2015.04.09.,5370.0,557161.0
OTP,2015.04.10.,5502.0,985183.0
OTP,2015.04.13.,5944.0,3013578.0
OTP,2015.04.14.,5860.0,2671615.0
OTP,2015.04.15.,5788.0,859113.0
OTP,2015.04.16.,5763.0,921070.0
OTP,2015.04.17.,5570.0,1554976.0
OTP,2015.04.20.,5620.0,686934.0
OTP,2015.04.21.,5787.0,997290.0
OTP,2015.04.22.,5838.0,920205.0
OTP,2015.04.23.,5820.0,472397.0
OTP,2015.04.24.,5848.0,653648.0
OTP,2015.04.27.,6008.0,1208019.0
OTP,2015.04.28.,5982.0,936392.0
OTP,2015.04.29.,5877.0,895352.0
OTP,2015.04.30.,6005.0,2105938.0
OTP,2015.05.04.,6031.0,963407.0
OTP,2015.05.05.,6055.0,873619.0
OTP,2015.05.06.,6065.0,779001.0
OTP,2015.05.07.,6000.0,1315807.0
OTP,2015.05.08.,5950.0,615020.0
OTP,2015.05.11.,5960.0,355119.0
OTP,2015.05.12.,5905.0,617565.0
OTP,2015.05.13.,6010.0,972518.0
OTP,2015.05.14.,5920.0,467496.0
OTP,2015.05.15.,5960.0,472532.0
OTP,2015.05.18.,5940.0,385077.0
OTP,2015.05.19.,5930.0,879260.0
OTP,2015.05.20.,5815.0,727704.0
OTP,2015.05.21.,5700.0,1475849.0
OTP,2015.05.22.,5640.0,466261.0
OTP,2015.05.26.,5569.0,957020.0
OTP,2015.05.27.,5660.0,1107681.0
OTP,2015.05.28.,5729.0,819357.0
OTP,2015.05.29.,5700.0,880977.0
OTP,2015.06.01.,5650.0,442879.0
OTP,2015.06.02.,5562.0,919438.0
OTP,2015.06.03.,5550.0,684702.0
OTP,2015.06.04.,5500.0,704228.0
OTP,2015.06.05.,5385.0,488390.0
OTP,2015.06.08.,5201.0,859442.0
OTP,2015.06.09.,5399.0,1285356.0
OTP,2015.06.10.,5420.0,667795.0
OTP,2015.06.11.,5582.0,876626.0
OTP,2015.06.12.,5440.0,551703.0
OTP,2015.06.15.,5395.0,1010389.0
OTP,2015.06.16.,5421.0,503942.0
OTP,2015.06.17.,5320.0,1269202.0
OTP,2015.06.18.,5310.0,962860.0
OTP,2015.06.19.,5310.0,676133.0
OTP,2015.06.22.,5477.0,729605.0
OTP,2015.06.23.,5625.0,825659.0
OTP,2015.06.24.,5550.0,801060.0
OTP,2015.06.25.,5484.0,671074.0
OTP,2015.06.26.,5586.0,468904.0
OTP,2015.06.29.,5530.0,1609872.0
OTP,2015.06.30.,5600.0,852405.0
OTP,2015.07.01.,5625.0,1438608.0
OTP,2015.07.02.,5699.0,598889.0
OTP,2015.07.03.,5626.0,188281.0
OTP,2015.07.06.,5510.0,366020.0
OTP,2015.07.07.,5465.0,530191.0
OTP,2015.07.08.,5377.0,805796.0
OTP,2015.07.09.,5590.0,590683.0
OTP,2015.07.10.,5755.0,781386.0
OTP,2015.07.13.,5780.0,1033481.0
OTP,2015.07.14.,5836.0,880258.0
OTP,2015.07.15.,5884.0,844535.0
OTP,2015.07.16.,5924.0,1395589.0
OTP,2015.07.17.,5880.0,673250.0
OTP,2015.07.20.,5899.0,647967.0
OTP,2015.07.21.,5900.0,1132528.0
OTP,2015.07.22.,5861.0,387622.0
OTP,2015.07.23.,5822.0,437460.0
OTP,2015.07.24.,5800.0,185480.0
OTP,2015.07.27.,5730.0,522097.0
OTP,2015.07.28.,5790.0,460231.0
OTP,2015.07.29.,5800.0,381471.0
OTP,2015.07.30.,5790.0,189397.0
OTP,2015.07.31.,5745.0,327492.0
OTP,2015.08.03.,5750.0,338040.0
OTP,2015.08.04.,5750.0,222499.0
OTP,2015.08.05.,5801.0,214398.0
OTP,2015.08.06.,5690.0,301481.0
OTP,2015.08.07.,5729.0,258155.0
OTP,2015.08.10.,5710.0,509207.0
OTP,2015.08.11.,5690.0,468501.0
OTP,2015.08.12.,5700.0,382186.0
OTP,2015.08.13.,5849.0,572521.0
OTP,2015.08.14.,5655.0,1145622.0
OTP,2015.08.17.,5622.0,662567.0
OTP,2015.08.18.,5600.0,618362.0
OTP,2015.08.19.,5635.0,590619.0
OTP,2015.08.24.,5256.0,2235316.0
OTP,2015.08.25.,5450.0,1127783.0
OTP,2015.08.26.,5316.0,882228.0
OTP,2015.08.27.,5410.0,920670.0
OTP,2015.08.28.,5335.0,735331.0
OTP,2015.08.31.,5387.0,566549.0
OTP,2015.09.01.,5325.0,777338.0
OTP,2015.09.02.,5380.0,401830.0
OTP,2015.09.03.,5530.0,681916.0
OTP,2015.09.04.,5460.0,392893.0
OTP,2015.09.07.,5450.0,151312.0
OTP,2015.09.08.,5399.0,290428.0
OTP,2015.09.09.,5469.0,296876.0
OTP,2015.09.10.,5519.0,481904.0
OTP,2015.09.11.,5420.0,231525.0
OTP,2015.09.14.,5522.0,480908.0
OTP,2015.09.15.,5435.0,467499.0
OTP,2015.09.16.,5380.0,596636.0
OTP,2015.09.17.,5440.0,582189.0
OTP,2015.09.18.,5408.0,674144.0
OTP,2015.09.21.,5456.0,427403.0
OTP,2015.09.22.,5226.0,805674.0
OTP,2015.09.23.,5277.0,1005998.0
OTP,2015.09.24.,5317.0,449752.0
OTP,2015.09.25.,5370.0,370227.0
OTP,2015.09.28.,5332.0,206639.0
OTP,2015.09.29.,5478.0,739429.0
OTP,2015.09.30.,5405.0,744344.0
OTP,2015.10.01.,5370.0,309453.0
OTP,2015.10.02.,5288.0,635031.0
OTP,2015.10.05.,5355.0,400150.0
OTP,2015.10.06.,5350.0,588166.0
OTP,2015.10.07.,5390.0,378781.0
OTP,2015.10.08.,5490.0,619908.0
OTP,2015.10.09.,5700.0,1521951.0
OTP,2015.10.12.,5750.0,655473.0
OTP,2015.10.13.,5708.0,642679.0
OTP,2015.10.14.,5700.0,497062.0
OTP,2015.10.15.,5740.0,557095.0
OTP,2015.10.16.,5670.0,612009.0
OTP,2015.10.19.,5615.0,279324.0
OTP,2015.10.20.,5522.0,668676.0
OTP,2015.10.21.,5506.0,541510.0
OTP,2015.10.22.,5648.0,383853.0
OTP,2015.10.26.,5740.0,504409.0
OTP,2015.10.27.,5742.0,598769.0
OTP,2015.10.28.,5670.0,398606.0
OTP,2015.10.29.,,
OTP,2015.10.30.,5475.0,2494314.0
OTP,2015.11.02.,5500.0,598263.0
OTP,2015.11.03.,5510.0,628204.0
OTP,2015.11.04.,5570.0,1034245.0
OTP,2015.11.05.,5664.0,1204955.0
OTP,2015.11.06.,5658.0,874860.0
OTP,2015.11.09.,5688.0,349315.0
OTP,2015.11.10.,5667.0,426456.0
OTP,2015.11.11.,5749.0,818026.0
OTP,2015.11.12.,5692.0,1052606.0
OTP,2015.11.13.,5592.0,1015269.0
OTP,2015.11.16.,5610.0,709333.0
OTP,2015.11.17.,5879.0,1630037.0
OTP,2015.11.18.,6027.0,2183922.0
OTP,2015.11.19.,5910.0,1859639.0
OTP,2015.11.20.,5905.0,616393.0
OTP,2015.11.23.,6040.0,741551.0
OTP,2015.11.24.,6030.0,777807.0
OTP,2015.11.25.,6030.0,747299.0
OTP,2015.11.26.,6081.0,504579.0
OTP,2015.11.27.,6010.0,405079.0
OTP,2015.11.30.,6070.0,1981872.0
OTP,2015.12.01.,6120.0,971461.0
OTP,2015.12.02.,6158.0,809753.0
OTP,2015.12.03.,6050.0,415803.0
OTP,2015.12.04.,5964.0,663887.0
OTP,2015.12.07.,5915.0,423311.0
OTP,2015.12.08.,5870.0,588968.0
OTP,2015.12.09.,5920.0,679597.0
OTP,2015.12.10.,5870.0,621480.0
OTP,2015.12.11.,5750.0,938780.0
OTP,2015.12.14.,5670.0,1008054.0
OTP,2015.12.15.,5778.0,694447.0
OTP,2015.12.16.,5970.0,1038480.0
OTP,2015.12.17.,5921.0,746517.0
OTP,2015.12.18.,5911.0,552090.0
OTP,2015.12.21.,5970.0,277944.0
OTP,2015.12.22.,5900.0,426497.0
OTP,2015.12.23.,5904.0,245115.0
OTP,2015.12.28.,5891.0,190429.0
OTP,2015.12.29.,6020.0,339992.0
OTP,2015.12.30.,6000.0,239148.0
OTP,2016.01.04.,5939.0,401805.0
OTP,2016.01.05.,5985.0,491392.0
OTP,2016.01.06.,5959.0,636425.0
OTP,2016.01.07.,5775.0,1542784.0
OTP,2016.01.08.,5897.0,939837.0
OTP,2016.01.11.,5875.0,512679.0
OTP,2016.01.12.,6084.0,1146605.0
OTP,2016.01.13.,6188.0,1709023.0
OTP,2016.01.14.,6220.0,1437824.0
OTP,2016.01.15.,6092.0,2054418.0
OTP,2016.01.18.,5900.0,896818.0
OTP,2016.01.19.,5845.0,1101570.0
OTP,2016.01.20.,5714.0,1422640.0
OTP,2016.01.21.,5725.0,1479768.0
OTP,2016.01.22.,5818.0,887023.0
OTP,2016.01.25.,5753.0,1043732.0
OTP,2016.01.26.,5800.0,750173.0
OTP,2016.01.27.,5963.0,867214.0
OTP,2016.01.28.,5960.0,880832.0
OTP,2016.01.29.,6094.0,868775.0
OTP,2016.02.01.,6155.0,959818.0
OTP,2016.02.02.,6000.0,1191491.0
OTP,2016.02.03.,5989.0,778462.0
OTP,2016.02.04.,6109.0,738217.0
OTP,2016.02.05.,6110.0,716561.0
OTP,2016.02.08.,5935.0,632441.0
OTP,2016.02.09.,5775.0,1305574.0
OTP,2016.02.10.,5865.0,482414.0
OTP,2016.02.11.,5750.0,687620.0
OTP,2016.02.12.,5840.0,548970.0
OTP,2016.02.15.,6000.0,617894.0
OTP,2016.02.16.,5965.0,441406.0
OTP,2016.02.17.,5990.0,536203.0
OTP,2016.02.18.,6096.0,835896.0
OTP,2016.02.19.,6068.0,568405.0
OTP,2016.02.22.,6115.0,632794.0
OTP,2016.02.23.,5968.0,638926.0
OTP,2016.02.24.,5840.0,1252727.0
OTP,2016.02.25.,5941.0,478312.0
OTP,2016.02.26.,6035.0,560147.0
OTP,2016.02.29.,5950.0,1480907.0
OTP,2016.03.01.,6035.0,390644.0
OTP,2016.03.02.,6075.0,788825.0
OTP,2016.03.03.,6195.0,1060455.0
OTP,2016.03.04.,6360.0,2421359.0
OTP,2016.03.07.,6384.0,1313001.0
OTP,2016.03.08.,6602.0,2508868.0
OTP,2016.03.09.,6631.0,1144706.0
OTP,2016.03.10.,6648.0,1324477.0
OTP,2016.03.11.,6730.0,1408291.0
OTP,2016.03.16.,6707.0,1250375.0
OTP,2016.03.17.,6805.0,1201837.0
OTP,2016.03.18.,6758.0,2495647.0
OTP,2016.03.21.,6779.0,924159.0
OTP,2016.03.22.,6790.0,639388.0
OTP,2016.03.23.,6740.0,725412.0
OTP,2016.03.24.,6668.0,409406.0
OTP,2016.03.29.,6733.0,426465.0
OTP,2016.03.30.,6900.0,1008200.0
OTP,2016.03.31.,6926.0,958252.0
OTP,2016.04.01.,6920.0,758456.0
OTP,2016.04.04.,6946.0,459044.0
OTP,2016.04.05.,6900.0,646250.0
OTP,2016.04.06.,6890.0,591195.0
OTP,2016.04.07.,6980.0,905375.0
OTP,2016.04.08.,7050.0,642027.0
OTP,2016.04.11.,6955.0,699419.0
OTP,2016.04.12.,6880.0,583987.0
OTP,2016.04.13.,7020.0,737248.0
OTP,2016.04.14.,7223.0,1287610.0
OTP,2016.04.15.,7323.0,1034703.0
OTP,2016.04.18.,7305.0,820606.0
OTP,2016.04.19.,7380.0,497064.0
OTP,2016.04.20.,7300.0,563925.0
OTP,2016.04.21.,7250.0,537577.0
OTP,2016.04.22.,7133.0,574101.0
OTP,2016.04.25.,7213.0,645401.0
OTP,2016.04.26.,7189.0,385472.0
OTP,2016.04.27.,7266.0,799849.0
OTP,2016.04.28.,7269.0,597191.0
OTP,2016.04.29.,7215.0,533712.0
OTP,2016.05.02.,7200.0,111037.0
OTP,2016.05.03.,7119.0,396241.0
OTP,2016.05.04.,6957.0,898043.0
OTP,2016.05.05.,6940.0,583781.0
OTP,2016.05.06.,6850.0,872389.0
OTP,2016.05.09.,7060.0,626674.0
OTP,2016.05.10.,7130.0,430214.0
OTP,2016.05.11.,7125.0,399911.0
OTP,2016.05.12.,7155.0,529983.0
OTP,2016.05.13.,6960.0,1039187.0
OTP,2016.05.17.,6851.0,744669.0
OTP,2016.05.18.,6800.0,1017274.0
OTP,2016.05.19.,6687.0,604504.0
OTP,2016.05.20.,6850.0,563888.0
OTP,2016.05.23.,6880.0,565826.0
OTP,2016.05.24.,7023.0,482600.0
OTP,2016.05.25.,7046.0,691787.0
OTP,2016.05.26.,7025.0,556158.0
OTP,2016.05.27.,6890.0,339054.0
OTP,2016.05.30.,6945.0,220292.0
OTP,2016.05.31.,6811.0,848245.0
OTP,2016.06.01.,6858.0,480554.0
OTP,2016.06.02.,6900.0,220264.0
OTP,2016.06.03.,6883.0,425542.0
OTP,2016.06.06.,6889.0,138604.0
OTP,2016.06.07.,7000.0,473908.0
OTP,2016.06.08.,6978.0,410941.0
OTP,2016.06.09.,6835.0,431722.0
OTP,2016.06.10.,6710.0,502655.0
OTP,2016.06.13.,6486.0,813525.0
OTP,2016.06.14.,6550.0,1605200.0
OTP,2016.06.15.,6795.0,1071023.0
OTP,2016.06.16.,6591.0,816485.0
OTP,2016.06.17.,6678.0,878917.0
OTP,2016.06.20.,6761.0,480063.0
OTP,2016.06.21.,6860.0,955463.0
OTP,2016.06.22.,6800.0,641096.0
OTP,2016.06.23.,6835.0,470102.0
OTP,2016.06.24.,6325.0,1873398.0
OTP,2016.06.27.,6180.0,1523935.0
OTP,2016.06.28.,6400.0,1479371.0
OTP,2016.06.29.,6458.0,767279.0
OTP,2016.06.30.,6350.0,908022.0
OTP,2016.07.01.,6312.0,841714.0
OTP,2016.07.04.,6280.0,404968.0
OTP,2016.07.05.,6319.0,466214.0
OTP,2016.07.06.,6328.0,772473.0
OTP,2016.07.07.,6445.0,804615.0
OTP,2016.07.08.,6480.0,654377.0
OTP,2016.07.11.,6587.0,640191.0
OTP,2016.07.12.,6584.0,574743.0
OTP,2016.07.13.,6460.0,656346.0
OTP,2016.07.14.,6485.0,1000957.0
OTP,2016.07.15.,6460.0,609300.0
OTP,2016.07.18.,6545.0,442016.0
OTP,2016.07.19.,6630.0,598582.0
OTP,2016.07.20.,6762.0,820090.0
OTP,2016.07.21.,6849.0,785786.0
OTP,2016.07.22.,6843.0,556572.0
OTP,2016.07.25.,6857.0,408962.0
OTP,2016.07.26.,6836.0,402995.0
OTP,2016.07.27.,6722.0,375554.0
OTP,2016.07.28.,6680.0,338240.0
OTP,2016.07.29.,6776.0,432258.0
OTP,2016.08.01.,6855.0,425395.0
OTP,2016.08.02.,6620.0,582774.0
OTP,2016.08.03.,6510.0,1425539.0
OTP,2016.08.04.,6798.0,543575.0
OTP,2016.08.05.,6760.0,343364.0
OTP,2016.08.08.,6832.0,317621.0
OTP,2016.08.09.,6900.0,424650.0
OTP,2016.08.10.,6930.0,593921.0
OTP,2016.08.11.,6979.0,546677.0
OTP,2016.08.12.,7149.0,1927970.0
OTP,2016.08.15.,7170.0,393584.0
OTP,2016.08.16.,7173.0,693364.0
OTP,2016.08.17.,7191.0,554606.0
OTP,2016.08.18.,7188.0,388929.0
OTP,2016.08.19.,7120.0,249842.0
OTP,2016.08.22.,7060.0,330234.0
OTP,2016.08.23.,7151.0,447539.0
OTP,2016.08.24.,7290.0,1062765.0
OTP,2016.08.25.,7200.0,415027.0
OTP,2016.08.26.,7204.0,297970.0
OTP,2016.08.29.,7290.0,356734.0
OTP,2016.08.30.,7309.0,449491.0
OTP,2016.08.31.,7252.0,446642.0
OTP,2016.09.01.,7317.0,469749.0
OTP,2016.09.02.,7416.0,820782.0
OTP,2016.09.05.,7530.0,796235.0
OTP,2016.09.06.,7530.0,543740.0
OTP,2016.09.07.,7510.0,439297.0
OTP,2016.09.08.,7490.0,540172.0
OTP,2016.09.09.,7477.0,684545.0
OTP,2016.09.12.,7408.0,646351.0
OTP,2016.09.13.,7281.0,556370.0
OTP,2016.09.14.,7324.0,513866.0
OTP,2016.09.15.,7365.0,274002.0
OTP,2016.09.16.,7339.0,662171.0
OTP,2016.09.19.,7510.0,1006845.0
OTP,2016.09.20.,7375.0,527831.0
OTP,2016.09.21.,7435.0,604807.0
OTP,2016.09.22.,7461.0,531303.0
OTP,2016.09.23.,7345.0,386520.0
OTP,2016.09.26.,7205.0,606375.0
OTP,2016.09.27.,7150.0,687396.0
OTP,2016.09.28.,7148.0,396826.0
OTP,2016.09.29.,7319.0,520789.0
OTP,2016.09.30.,7200.0,770668.0
OTP,2016.10.03.,7268.0,245493.0
OTP,2016.10.04.,7498.0,955825.0
OTP,2016.10.05.,7456.0,415115.0
OTP,2016.10.06.,7408.0,571290.0
OTP,2016.10.07.,7435.0,179303.0
OTP,2016.10.10.,7490.0,237594.0
OTP,2016.10.11.,7429.0,358175.0
OTP,2016.10.12.,7380.0,216777.0
OTP,2016.10.13.,7249.0,671522.0
OTP,2016.10.14.,7375.0,327120.0
OTP,2016.10.17.,7445.0,450066.0
OTP,2016.10.18.,7549.0,533551.0
OTP,2016.10.19.,7549.0,690762.0
OTP,2016.10.20.,7590.0,443469.0
OTP,2016.10.21.,7649.0,803670.0
OTP,2016.10.24.,7795.0,839413.0
OTP,2016.10.25.,7850.0,840445.0
OTP,2016.10.26.,7846.0,613086.0
OTP,2016.10.27.,7831.0,618353.0
OTP,2016.10.28.,7900.0,503972.0
OTP,2016.11.02.,7739.0,1415184.0
OTP,2016.11.03.,7871.0,638785.0
OTP,2016.11.04.,7865.0,461246.0
OTP,2016.11.07.,7970.0,684557.0
OTP,2016.11.08.,7980.0,474138.0
OTP,2016.11.09.,7960.0,905556.0
OTP,2016.11.10.,8150.0,1122710.0
OTP,2016.11.11.,8190.0,1167760.0
OTP,2016.11.14.,8050.0,579252.0
OTP,2016.11.15.,7990.0,472582.0
OTP,2016.11.16.,8060.0,763074.0
OTP,2016.11.17.,8036.0,507391.0
OTP,2016.11.18.,8118.0,465335.0
OTP,2016.11.21.,8100.0,299668.0
OTP,2016.11.22.,8197.0,350375.0
OTP,2016.11.23.,8004.0,664080.0
OTP,2016.11.24.,8030.0,123123.0
OTP,2016.11.25.,7986.0,364884.0
OTP,2016.11.28.,8040.0,317660.0
OTP,2016.11.29.,7981.0,428292.0
OTP,2016.11.30.,7956.0,655216.0
OTP,2016.12.01.,7961.0,285759.0
OTP,2016.12.02.,7929.0,337158.0
OTP,2016.12.05.,8011.0,336769.0
OTP,2016.12.06.,8012.0,304324.0
OTP,2016.12.07.,8045.0,408705.0
OTP,2016.12.08.,8160.0,488841.0
OTP,2016.12.09.,8099.0,414279.0
OTP,2016.12.12.,8123.0,275721.0
OTP,2016.12.13.,8197.0,609747.0
OTP,2016.12.14.,8249.0,845957.0
OTP,2016.12.15.,8383.0,824339.0
OTP,2016.12.16.,8411.0,938908.0
OTP,2016.12.19.,8280.0,321276.0
OTP,2016.12.20.,8238.0,346285.0
OTP,2016.12.21.,8350.0,419737.0
OTP,2016.12.22.,8285.0,201259.0
OTP,2016.12.23.,8370.0,289363.0
OTP,2016.12.27.,8385.0,93950.0
OTP,2016.12.28.,8400.0,140780.0
OTP,2016.12.29.,8320.0,219618.0
OTP,2016.12.30.,8400.0,209291.0
OTP,2017.01.02.,8399.0,48720.0
OTP,2017.01.03.,8455.0,281918.0
OTP,2017.01.04.,8621.0,592955.0
OTP,2017.01.05.,8600.0,349915.0
OTP,2017.01.06.,8601.0,243794.0
OTP,2017.01.09.,8650.0,205539.0
OTP,2017.01.10.,8742.0,507571.0
OTP,2017.01.11.,8760.0,507360.0
OTP,2017.01.12.,8760.0,364106.0
OTP,2017.01.13.,8890.0,645194.0
OTP,2017.01.16.,8858.0,147553.0
OTP,2017.01.17.,8799.0,297961.0
OTP,2017.01.18.,8806.0,338892.0
OTP,2017.01.19.,8799.0,284405.0
OTP,2017.01.20.,8770.0,277642.0
OTP,2017.01.23.,8816.0,329588.0
OTP,2017.01.24.,8850.0,167161.0
OTP,2017.01.25.,8936.0,432722.0
OTP,2017.01.26.,8950.0,393907.0
OTP,2017.01.27.,8900.0,315647.0
OTP,2017.01.30.,8816.0,319838.0
OTP,2017.01.31.,8825.0,332298.0
OTP,2017.02.01.,8900.0,385835.0
OTP,2017.02.02.,8865.0,272851.0
OTP,2017.02.03.,8858.0,180791.0
OTP,2017.02.06.,8770.0,224219.0
OTP,2017.02.07.,8800.0,261336.0
OTP,2017.02.08.,8840.0,457779.0
OTP,2017.02.09.,8901.0,553355.0
OTP,2017.02.10.,8975.0,514989.0
OTP,2017.02.13.,9100.0,383796.0
OTP,2017.02.14.,9226.0,348651.0
OTP,2017.02.15.,9271.0,418995.0
OTP,2017.02.16.,9079.0,506041.0
OTP,2017.02.17.,9201.0,453415.0
OTP,2017.02.20.,9296.0,124358.0
OTP,2017.02.21.,9396.0,401470.0
OTP,2017.02.22.,9341.0,258069.0
OTP,2017.02.23.,8990.0,1228482.0
OTP,2017.02.24.,8735.0,1172183.0
OTP,2017.02.27.,8740.0,769014.0
OTP,2017.02.28.,8450.0,1045936.0
OTP,2017.03.01.,8860.0,722912.0
OTP,2017.03.02.,8950.0,487761.0
OTP,2017.03.03.,8950.0,510891.0
OTP,2017.03.06.,8910.0,280026.0
OTP,2017.03.07.,8655.0,714384.0
OTP,2017.03.08.,8600.0,488188.0
OTP,2017.03.09.,8667.0,564530.0
OTP,2017.03.10.,8540.0,666830.0
OTP,2017.03.13.,8500.0,349619.0
OTP,2017.03.14.,8403.0,655430.0
OTP,2017.03.16.,8705.0,802769.0
